Workbook

Sheet Импорт
A1: Объект размещения | B1: Субарендатор | C1: Оборудование | D1: Кол-во | E1: Статус размещения | F1: Высота подвеса | G1: Способ установки / прокладки
A2: =IF(OR(ISBLANK(Таблица2[[#This Row],[Оборудование]]),Таблица2[[#This Row],[Оборудование]]=""),"",'Спецификация для запроса ТУ'!$D$7) -> -?- | B2: =IF(OR(ISBLANK(Таблица2[[#This Row],[Оборудование]]),Таблица2[[#This Row],[Оборудование]]=""),"",'Спецификация для запроса ТУ'!$D$6) -> -?- | C2: =IF(ISBLANK('Спецификация для запроса ТУ'!C13),"",'Спецификация для запроса ТУ'!C13) -> Радиочастотный кабель | D2: =IF(OR(ISBLANK(Таблица2[[#This Row],[Оборудование]]),Таблица2[[#This Row],[Оборудование]]=""),"",'Спецификация для запроса ТУ'!F13) -> -?- | E2: =IF(OR(ISBLANK(Таблица2[[#This Row],[Оборудование]]),Таблица2[[#This Row],[Оборудование]]=""),"",'Спецификация для запроса ТУ'!H13) -> -?- | F2: =IF(IF(OR(ISBLANK(Таблица2[[#This Row],[Оборудование]]),Таблица2[[#This Row],[Оборудование]]=""),"",'Спецификация для запроса ТУ'!G13)="-","",IF(OR(ISBLANK(Таблица2[[#This Row],[Оборудование]]),Таблица2[[#This Row],[Оборудование]]=""),"",'Спецификация для запроса ТУ'!G13)) | G2: =IF(OR(ISBLANK(Таблица2[[#This Row],[Оборудование]]),Таблица2[[#This Row],[Оборудование]]=""),"","Не задано") -> Не задано
A3: =IF(OR(ISBLANK(Таблица2[[#This Row],[Оборудование]]),Таблица2[[#This Row],[Оборудование]]=""),"",'Спецификация для запроса ТУ'!$D$7) -> -?- | B3: =IF(OR(ISBLANK(Таблица2[[#This Row],[Оборудование]]),Таблица2[[#This Row],[Оборудование]]=""),"",'Спецификация для запроса ТУ'!$D$6) -> -?- | C3: =IF(ISBLANK('Спецификация для запроса ТУ'!C14),"",'Спецификация для запроса ТУ'!C14) -> Оптический кабель | D3: =IF(OR(ISBLANK(Таблица2[[#This Row],[Оборудование]]),Таблица2[[#This Row],[Оборудование]]=""),"",'Спецификация для запроса ТУ'!F14) -> -?- | E3: =IF(OR(ISBLANK(Таблица2[[#This Row],[Оборудование]]),Таблица2[[#This Row],[Оборудование]]=""),"",'Спецификация для запроса ТУ'!H14) -> -?- | F3: =IF(IF(OR(ISBLANK(Таблица2[[#This Row],[Оборудование]]),Таблица2[[#This Row],[Оборудование]]=""),"",'Спецификация для запроса ТУ'!G14)="-","",IF(OR(ISBLANK(Таблица2[[#This Row],[Оборудование]]),Таблица2[[#This Row],[Оборудование]]=""),"",'Спецификация для запроса ТУ'!G14)) | G3: =IF(OR(ISBLANK(Таблица2[[#This Row],[Оборудование]]),Таблица2[[#This Row],[Оборудование]]=""),"","Не задано") -> Не задано
A4: =IF(OR(ISBLANK(Таблица2[[#This Row],[Оборудование]]),Таблица2[[#This Row],[Оборудование]]=""),"",'Спецификация для запроса ТУ'!$D$7) -> -?- | B4: =IF(OR(ISBLANK(Таблица2[[#This Row],[Оборудование]]),Таблица2[[#This Row],[Оборудование]]=""),"",'Спецификация для запроса ТУ'!$D$6) -> -?- | C4: =IF(ISBLANK('Спецификация для запроса ТУ'!C15),"",'Спецификация для запроса ТУ'!C15) -> Кабель питания (DC) | D4: =IF(OR(ISBLANK(Таблица2[[#This Row],[Оборудование]]),Таблица2[[#This Row],[Оборудование]]=""),"",'Спецификация для запроса ТУ'!F15) -> -?- | E4: =IF(OR(ISBLANK(Таблица2[[#This Row],[Оборудование]]),Таблица2[[#This Row],[Оборудование]]=""),"",'Спецификация для запроса ТУ'!H15) -> -?- | F4: =IF(IF(OR(ISBLANK(Таблица2[[#This Row],[Оборудование]]),Таблица2[[#This Row],[Оборудование]]=""),"",'Спецификация для запроса ТУ'!G15)="-","",IF(OR(ISBLANK(Таблица2[[#This Row],[Оборудование]]),Таблица2[[#This Row],[Оборудование]]=""),"",'Спецификация для запроса ТУ'!G15)) | G4: =IF(OR(ISBLANK(Таблица2[[#This Row],[Оборудование]]),Таблица2[[#This Row],[Оборудование]]=""),"","Не задано") -> Не задано
A5: =IF(OR(ISBLANK(Таблица2[[#This Row],[Оборудование]]),Таблица2[[#This Row],[Оборудование]]=""),"",'Спецификация для запроса ТУ'!$D$7) -> -?- | B5: =IF(OR(ISBLANK(Таблица2[[#This Row],[Оборудование]]),Таблица2[[#This Row],[Оборудование]]=""),"",'Спецификация для запроса ТУ'!$D$6) -> -?- | C5: =IF(ISBLANK('Спецификация для запроса ТУ'!C16),"",'Спецификация для запроса ТУ'!C16) -> Кабель управления RET | D5: =IF(OR(ISBLANK(Таблица2[[#This Row],[Оборудование]]),Таблица2[[#This Row],[Оборудование]]=""),"",'Спецификация для запроса ТУ'!F16) -> -?- | E5: =IF(OR(ISBLANK(Таблица2[[#This Row],[Оборудование]]),Таблица2[[#This Row],[Оборудование]]=""),"",'Спецификация для запроса ТУ'!H16) -> -?- | F5: =IF(IF(OR(ISBLANK(Таблица2[[#This Row],[Оборудование]]),Таблица2[[#This Row],[Оборудование]]=""),"",'Спецификация для запроса ТУ'!G16)="-","",IF(OR(ISBLANK(Таблица2[[#This Row],[Оборудование]]),Таблица2[[#This Row],[Оборудование]]=""),"",'Спецификация для запроса ТУ'!G16)) | G5: =IF(OR(ISBLANK(Таблица2[[#This Row],[Оборудование]]),Таблица2[[#This Row],[Оборудование]]=""),"","Не задано") -> Не задано
A6: =IF(OR(ISBLANK(Таблица2[[#This Row],[Оборудование]]),Таблица2[[#This Row],[Оборудование]]=""),"",'Спецификация для запроса ТУ'!$D$7) | B6: =IF(OR(ISBLANK(Таблица2[[#This Row],[Оборудование]]),Таблица2[[#This Row],[Оборудование]]=""),"",'Спецификация для запроса ТУ'!$D$6) | C6: =IF(ISBLANK('Спецификация для запроса ТУ'!C17),"",'Спецификация для запроса ТУ'!C17) | D6: =IF(OR(ISBLANK(Таблица2[[#This Row],[Оборудование]]),Таблица2[[#This Row],[Оборудование]]=""),"",'Спецификация для запроса ТУ'!F17) | E6: =IF(OR(ISBLANK(Таблица2[[#This Row],[Оборудование]]),Таблица2[[#This Row],[Оборудование]]=""),"",'Спецификация для запроса ТУ'!H17) | F6: =IF(IF(OR(ISBLANK(Таблица2[[#This Row],[Оборудование]]),Таблица2[[#This Row],[Оборудование]]=""),"",'Спецификация для запроса ТУ'!G17)="-","",IF(OR(ISBLANK(Таблица2[[#This Row],[Оборудование]]),Таблица2[[#This Row],[Оборудование]]=""),"",'Спецификация для запроса ТУ'!G17)) | G6: =IF(OR(ISBLANK(Таблица2[[#This Row],[Оборудование]]),Таблица2[[#This Row],[Оборудование]]=""),"","Не задано")
A7: =IF(OR(ISBLANK(Таблица2[[#This Row],[Оборудование]]),Таблица2[[#This Row],[Оборудование]]=""),"",'Спецификация для запроса ТУ'!$D$7) | B7: =IF(OR(ISBLANK(Таблица2[[#This Row],[Оборудование]]),Таблица2[[#This Row],[Оборудование]]=""),"",'Спецификация для запроса ТУ'!$D$6) | C7: =IF(ISBLANK('Спецификация для запроса ТУ'!C18),"",'Спецификация для запроса ТУ'!C18) | D7: =IF(OR(ISBLANK(Таблица2[[#This Row],[Оборудование]]),Таблица2[[#This Row],[Оборудование]]=""),"",'Спецификация для запроса ТУ'!F18) | E7: =IF(OR(ISBLANK(Таблица2[[#This Row],[Оборудование]]),Таблица2[[#This Row],[Оборудование]]=""),"",'Спецификация для запроса ТУ'!H18) | F7: =IF(IF(OR(ISBLANK(Таблица2[[#This Row],[Оборудование]]),Таблица2[[#This Row],[Оборудование]]=""),"",'Спецификация для запроса ТУ'!G18)="-","",IF(OR(ISBLANK(Таблица2[[#This Row],[Оборудование]]),Таблица2[[#This Row],[Оборудование]]=""),"",'Спецификация для запроса ТУ'!G18)) | G7: =IF(OR(ISBLANK(Таблица2[[#This Row],[Оборудование]]),Таблица2[[#This Row],[Оборудование]]=""),"","Не задано")
A8: =IF(OR(ISBLANK(Таблица2[[#This Row],[Оборудование]]),Таблица2[[#This Row],[Оборудование]]=""),"",'Спецификация для запроса ТУ'!$D$7) | B8: =IF(OR(ISBLANK(Таблица2[[#This Row],[Оборудование]]),Таблица2[[#This Row],[Оборудование]]=""),"",'Спецификация для запроса ТУ'!$D$6) | C8: =IF(ISBLANK('Спецификация для запроса ТУ'!C19),"",'Спецификация для запроса ТУ'!C19) | D8: =IF(OR(ISBLANK(Таблица2[[#This Row],[Оборудование]]),Таблица2[[#This Row],[Оборудование]]=""),"",'Спецификация для запроса ТУ'!F19) | E8: =IF(OR(ISBLANK(Таблица2[[#This Row],[Оборудование]]),Таблица2[[#This Row],[Оборудование]]=""),"",'Спецификация для запроса ТУ'!H19) | F8: =IF(IF(OR(ISBLANK(Таблица2[[#This Row],[Оборудование]]),Таблица2[[#This Row],[Оборудование]]=""),"",'Спецификация для запроса ТУ'!G19)="-","",IF(OR(ISBLANK(Таблица2[[#This Row],[Оборудование]]),Таблица2[[#This Row],[Оборудование]]=""),"",'Спецификация для запроса ТУ'!G19)) | G8: =IF(OR(ISBLANK(Таблица2[[#This Row],[Оборудование]]),Таблица2[[#This Row],[Оборудование]]=""),"","Не задано")
A9: =IF(OR(ISBLANK(Таблица2[[#This Row],[Оборудование]]),Таблица2[[#This Row],[Оборудование]]=""),"",'Спецификация для запроса ТУ'!$D$7) | B9: =IF(OR(ISBLANK(Таблица2[[#This Row],[Оборудование]]),Таблица2[[#This Row],[Оборудование]]=""),"",'Спецификация для запроса ТУ'!$D$6) | C9: =IF(ISBLANK('Спецификация для запроса ТУ'!C20),"",'Спецификация для запроса ТУ'!C20) | D9: =IF(OR(ISBLANK(Таблица2[[#This Row],[Оборудование]]),Таблица2[[#This Row],[Оборудование]]=""),"",'Спецификация для запроса ТУ'!F20) | E9: =IF(OR(ISBLANK(Таблица2[[#This Row],[Оборудование]]),Таблица2[[#This Row],[Оборудование]]=""),"",'Спецификация для запроса ТУ'!H20) | F9: =IF(IF(OR(ISBLANK(Таблица2[[#This Row],[Оборудование]]),Таблица2[[#This Row],[Оборудование]]=""),"",'Спецификация для запроса ТУ'!G20)="-","",IF(OR(ISBLANK(Таблица2[[#This Row],[Оборудование]]),Таблица2[[#This Row],[Оборудование]]=""),"",'Спецификация для запроса ТУ'!G20)) | G9: =IF(OR(ISBLANK(Таблица2[[#This Row],[Оборудование]]),Таблица2[[#This Row],[Оборудование]]=""),"","Не задано")
A10: =IF(OR(ISBLANK(Таблица2[[#This Row],[Оборудование]]),Таблица2[[#This Row],[Оборудование]]=""),"",'Спецификация для запроса ТУ'!$D$7) | B10: =IF(OR(ISBLANK(Таблица2[[#This Row],[Оборудование]]),Таблица2[[#This Row],[Оборудование]]=""),"",'Спецификация для запроса ТУ'!$D$6) | C10: =IF(ISBLANK('Спецификация для запроса ТУ'!C21),"",'Спецификация для запроса ТУ'!C21) | D10: =IF(OR(ISBLANK(Таблица2[[#This Row],[Оборудование]]),Таблица2[[#This Row],[Оборудование]]=""),"",'Спецификация для запроса ТУ'!F21) | E10: =IF(OR(ISBLANK(Таблица2[[#This Row],[Оборудование]]),Таблица2[[#This Row],[Оборудование]]=""),"",'Спецификация для запроса ТУ'!H21) | F10: =IF(IF(OR(ISBLANK(Таблица2[[#This Row],[Оборудование]]),Таблица2[[#This Row],[Оборудование]]=""),"",'Спецификация для запроса ТУ'!G21)="-","",IF(OR(ISBLANK(Таблица2[[#This Row],[Оборудование]]),Таблица2[[#This Row],[Оборудование]]=""),"",'Спецификация для запроса ТУ'!G21)) | G10: =IF(OR(ISBLANK(Таблица2[[#This Row],[Оборудование]]),Таблица2[[#This Row],[Оборудование]]=""),"","Не задано")
A11: =IF(OR(ISBLANK(Таблица2[[#This Row],[Оборудование]]),Таблица2[[#This Row],[Оборудование]]=""),"",'Спецификация для запроса ТУ'!$D$7) | B11: =IF(OR(ISBLANK(Таблица2[[#This Row],[Оборудование]]),Таблица2[[#This Row],[Оборудование]]=""),"",'Спецификация для запроса ТУ'!$D$6) | C11: =IF(ISBLANK('Спецификация для запроса ТУ'!C22),"",'Спецификация для запроса ТУ'!C22) | D11: =IF(OR(ISBLANK(Таблица2[[#This Row],[Оборудование]]),Таблица2[[#This Row],[Оборудование]]=""),"",'Спецификация для запроса ТУ'!F22) | E11: =IF(OR(ISBLANK(Таблица2[[#This Row],[Оборудование]]),Таблица2[[#This Row],[Оборудование]]=""),"",'Спецификация для запроса ТУ'!H22) | F11: =IF(IF(OR(ISBLANK(Таблица2[[#This Row],[Оборудование]]),Таблица2[[#This Row],[Оборудование]]=""),"",'Спецификация для запроса ТУ'!G22)="-","",IF(OR(ISBLANK(Таблица2[[#This Row],[Оборудование]]),Таблица2[[#This Row],[Оборудование]]=""),"",'Спецификация для запроса ТУ'!G22)) | G11: =IF(OR(ISBLANK(Таблица2[[#This Row],[Оборудование]]),Таблица2[[#This Row],[Оборудование]]=""),"","Не задано")
A12: =IF(OR(ISBLANK(Таблица2[[#This Row],[Оборудование]]),Таблица2[[#This Row],[Оборудование]]=""),"",'Спецификация для запроса ТУ'!$D$7) | B12: =IF(OR(ISBLANK(Таблица2[[#This Row],[Оборудование]]),Таблица2[[#This Row],[Оборудование]]=""),"",'Спецификация для запроса ТУ'!$D$6) | C12: =IF(ISBLANK('Спецификация для запроса ТУ'!C23),"",'Спецификация для запроса ТУ'!C23) | D12: =IF(OR(ISBLANK(Таблица2[[#This Row],[Оборудование]]),Таблица2[[#This Row],[Оборудование]]=""),"",'Спецификация для запроса ТУ'!F23) | E12: =IF(OR(ISBLANK(Таблица2[[#This Row],[Оборудование]]),Таблица2[[#This Row],[Оборудование]]=""),"",'Спецификация для запроса ТУ'!H23) | F12: =IF(IF(OR(ISBLANK(Таблица2[[#This Row],[Оборудование]]),Таблица2[[#This Row],[Оборудование]]=""),"",'Спецификация для запроса ТУ'!G23)="-","",IF(OR(ISBLANK(Таблица2[[#This Row],[Оборудование]]),Таблица2[[#This Row],[Оборудование]]=""),"",'Спецификация для запроса ТУ'!G23)) | G12: =IF(OR(ISBLANK(Таблица2[[#This Row],[Оборудование]]),Таблица2[[#This Row],[Оборудование]]=""),"","Не задано")
A13: =IF(OR(ISBLANK(Таблица2[[#This Row],[Оборудование]]),Таблица2[[#This Row],[Оборудование]]=""),"",'Спецификация для запроса ТУ'!$D$7) | B13: =IF(OR(ISBLANK(Таблица2[[#This Row],[Оборудование]]),Таблица2[[#This Row],[Оборудование]]=""),"",'Спецификация для запроса ТУ'!$D$6) | C13: =IF(ISBLANK('Спецификация для запроса ТУ'!C24),"",'Спецификация для запроса ТУ'!C24) | D13: =IF(OR(ISBLANK(Таблица2[[#This Row],[Оборудование]]),Таблица2[[#This Row],[Оборудование]]=""),"",'Спецификация для запроса ТУ'!F24) | E13: =IF(OR(ISBLANK(Таблица2[[#This Row],[Оборудование]]),Таблица2[[#This Row],[Оборудование]]=""),"",'Спецификация для запроса ТУ'!H24) | F13: =IF(IF(OR(ISBLANK(Таблица2[[#This Row],[Оборудование]]),Таблица2[[#This Row],[Оборудование]]=""),"",'Спецификация для запроса ТУ'!G24)="-","",IF(OR(ISBLANK(Таблица2[[#This Row],[Оборудование]]),Таблица2[[#This Row],[Оборудование]]=""),"",'Спецификация для запроса ТУ'!G24)) | G13: =IF(OR(ISBLANK(Таблица2[[#This Row],[Оборудование]]),Таблица2[[#This Row],[Оборудование]]=""),"","Не задано")
... A34: =IF(OR(ISBLANK(Таблица2[[#This Row],[Оборудование]]),Таблица2[[#This Row],[Оборудование]]=""),"",'Спецификация для запроса ТУ'!$D$7) | B34: =IF(OR(ISBLANK(Таблица2[[#This Row],[Оборудование]]),Таблица2[[#This Row],[Оборудование]]=""),"",'Спецификация для запроса ТУ'!$D$6) | C34: =IF(ISBLANK('Спецификация для запроса ТУ'!C45),"",'Спецификация для запроса ТУ'!C45) | D34: =IF(OR(ISBLANK(Таблица2[[#This Row],[Оборудование]]),Таблица2[[#This Row],[Оборудование]]=""),"",'Спецификация для запроса ТУ'!F45) | E34: =IF(OR(ISBLANK(Таблица2[[#This Row],[Оборудование]]),Таблица2[[#This Row],[Оборудование]]=""),"",'Спецификация для запроса ТУ'!H45) | F34: =IF(IF(OR(ISBLANK(Таблица2[[#This Row],[Оборудование]]),Таблица2[[#This Row],[Оборудование]]=""),"",'Спецификация для запроса ТУ'!G45)="-","",IF(OR(ISBLANK(Таблица2[[#This Row],[Оборудование]]),Таблица2[[#This Row],[Оборудование]]=""),"",'Спецификация для запроса ТУ'!G45)) | G34: =IF(OR(ISBLANK(Таблица2[[#This Row],[Оборудование]]),Таблица2[[#This Row],[Оборудование]]=""),"","Не задано")

Sheet Спецификация для запроса ТУ
C3: =HYPERLINK("https://gorservices.kaiten.site/",">>> Информационный ресурс ООО «НГС» (ссылка на акутальные требования и форму спецификации) <<<") -> >>> Информационный ресурс ООО «НГС» (ссылка на акутальные требования и форму спецификации) <<< | H3: Версия формы: 02.12.2025
C5: Номер БС Субарендатора (без названия) | D5: -?- | E5: Примечания по заполнению и использованию формы специфкации при отправке запроса в ООО "НГС": 1. Поиск оборудования в справочнике поддерживается в Excel 2020 и поздних версиях; 2. В случае отсутствия оборудования в справочнике необходимо приложить описание от производителя/поставщика такого оборудования к заявке, создаваемой через https://gorservices.kaiten.ru/sd; 3. Просьба перед заполнением новой спецификации обязательно проверять актуальность формы. Запросы с неактуальной спецификацией на момент создания заявки будут отклонены.
C6: Субарендатор (Оператор) | D6: -?-
C7: ID Объекта Арендатора (ООО "НГС") | D7: -?-
C9: Поиск оборудования в справочнике:
C12: Оборудование | D12: Тип оборудования | E12: Габарит, мм / Вес, кг / Кол-во портов, шт | F12: Кол-во, шт | G12: Высота подвеса, м | H12: Статус
C13: Радиочастотный кабель | D13: =IF(ISBLANK(Таблица5[[#This Row],[Оборудование]]),"-",VLOOKUP(C13,'Справочник оборудования'!B:C,2,FALSE)) -> #N/A | E13: =IF(ISBLANK(Таблица5[[#This Row],[Оборудование]]),"-",IF(D13="Кабель","-",VLOOKUP(C13,'Справочник оборудования'!B:I,8,FALSE)&" / "&VLOOKUP(C13,'Справочник оборудования'!B:I,7,FALSE)&" / "&IF(VLOOKUP(C13,'Справочник оборудования'!B:K,10,FALSE)="","-",VLOOKUP(C13,'Справочник оборудования'!B:K,10,FALSE)))) -> #N/A | F13: =IF(ISBLANK(C13),"-","-?-") -> -?- | G13: {=IFERROR(_xlfn.IFS(D13="Антенна панельная","-?-",D13="Антенна РРС","-?-"),"-")} -> - | H13: =IF(ISBLANK(C13),"-","-?-") -> -?-
C14: Оптический кабель | D14: =IF(ISBLANK(Таблица5[[#This Row],[Оборудование]]),"-",VLOOKUP(C14,'Справочник оборудования'!B:C,2,FALSE)) -> #N/A | E14: =IF(ISBLANK(Таблица5[[#This Row],[Оборудование]]),"-",IF(D14="Кабель","-",VLOOKUP(C14,'Справочник оборудования'!B:I,8,FALSE)&" / "&VLOOKUP(C14,'Справочник оборудования'!B:I,7,FALSE)&" / "&IF(VLOOKUP(C14,'Справочник оборудования'!B:K,10,FALSE)="","-",VLOOKUP(C14,'Справочник оборудования'!B:K,10,FALSE)))) -> #N/A | F14: =IF(ISBLANK(C14),"-","-?-") -> -?- | G14: {=IFERROR(_xlfn.IFS(D14="Антенна панельная","-?-",D14="Антенна РРС","-?-"),"-")} -> - | H14: =IF(ISBLANK(C14),"-","-?-") -> -?-
C15: Кабель питания (DC) | D15: =IF(ISBLANK(Таблица5[[#This Row],[Оборудование]]),"-",VLOOKUP(C15,'Справочник оборудования'!B:C,2,FALSE)) -> #N/A | E15: =IF(ISBLANK(Таблица5[[#This Row],[Оборудование]]),"-",IF(D15="Кабель","-",VLOOKUP(C15,'Справочник оборудования'!B:I,8,FALSE)&" / "&VLOOKUP(C15,'Справочник оборудования'!B:I,7,FALSE)&" / "&IF(VLOOKUP(C15,'Справочник оборудования'!B:K,10,FALSE)="","-",VLOOKUP(C15,'Справочник оборудования'!B:K,10,FALSE)))) -> #N/A | F15: =IF(ISBLANK(C15),"-","-?-") -> -?- | G15: {=IFERROR(_xlfn.IFS(D15="Антенна панельная","-?-",D15="Антенна РРС","-?-"),"-")} -> - | H15: =IF(ISBLANK(C15),"-","-?-") -> -?-
C16: Кабель управления RET | D16: =IF(ISBLANK(Таблица5[[#This Row],[Оборудование]]),"-",VLOOKUP(C16,'Справочник оборудования'!B:C,2,FALSE)) -> #N/A | E16: =IF(ISBLANK(Таблица5[[#This Row],[Оборудование]]),"-",IF(D16="Кабель","-",VLOOKUP(C16,'Справочник оборудования'!B:I,8,FALSE)&" / "&VLOOKUP(C16,'Справочник оборудования'!B:I,7,FALSE)&" / "&IF(VLOOKUP(C16,'Справочник оборудования'!B:K,10,FALSE)="","-",VLOOKUP(C16,'Справочник оборудования'!B:K,10,FALSE)))) -> #N/A | F16: =IF(ISBLANK(C16),"-","-?-") -> -?- | G16: {=IFERROR(_xlfn.IFS(D16="Антенна панельная","-?-",D16="Антенна РРС","-?-"),"-")} -> - | H16: =IF(ISBLANK(C16),"-","-?-") -> -?-
D17: =IF(ISBLANK(Таблица5[[#This Row],[Оборудование]]),"-",VLOOKUP(C17,'Справочник оборудования'!B:C,2,FALSE)) -> - | E17: =IF(ISBLANK(Таблица5[[#This Row],[Оборудование]]),"-",IF(D17="Кабель","-",VLOOKUP(C17,'Справочник оборудования'!B:I,8,FALSE)&" / "&VLOOKUP(C17,'Справочник оборудования'!B:I,7,FALSE)&" / "&IF(VLOOKUP(C17,'Справочник оборудования'!B:K,10,FALSE)="","-",VLOOKUP(C17,'Справочник оборудования'!B:K,10,FALSE)))) -> - | F17: =IF(ISBLANK(C17),"-","-?-") -> - | G17: {=IFERROR(_xlfn.IFS(D17="Антенна панельная","-?-",D17="Антенна РРС","-?-"),"-")} -> - | H17: =IF(ISBLANK(C17),"-","-?-") -> -
D18: =IF(ISBLANK(Таблица5[[#This Row],[Оборудование]]),"-",VLOOKUP(C18,'Справочник оборудования'!B:C,2,FALSE)) -> - | E18: =IF(ISBLANK(Таблица5[[#This Row],[Оборудование]]),"-",IF(D18="Кабель","-",VLOOKUP(C18,'Справочник оборудования'!B:I,8,FALSE)&" / "&VLOOKUP(C18,'Справочник оборудования'!B:I,7,FALSE)&" / "&IF(VLOOKUP(C18,'Справочник оборудования'!B:K,10,FALSE)="","-",VLOOKUP(C18,'Справочник оборудования'!B:K,10,FALSE)))) -> - | F18: =IF(ISBLANK(C18),"-","-?-") -> - | G18: {=IFERROR(_xlfn.IFS(D18="Антенна панельная","-?-",D18="Антенна РРС","-?-"),"-")} -> - | H18: =IF(ISBLANK(C18),"-","-?-") -> -
D19: =IF(ISBLANK(Таблица5[[#This Row],[Оборудование]]),"-",VLOOKUP(C19,'Справочник оборудования'!B:C,2,FALSE)) -> - | E19: =IF(ISBLANK(Таблица5[[#This Row],[Оборудование]]),"-",IF(D19="Кабель","-",VLOOKUP(C19,'Справочник оборудования'!B:I,8,FALSE)&" / "&VLOOKUP(C19,'Справочник оборудования'!B:I,7,FALSE)&" / "&IF(VLOOKUP(C19,'Справочник оборудования'!B:K,10,FALSE)="","-",VLOOKUP(C19,'Справочник оборудования'!B:K,10,FALSE)))) -> - | F19: =IF(ISBLANK(C19),"-","-?-") -> - | G19: {=IFERROR(_xlfn.IFS(D19="Антенна панельная","-?-",D19="Антенна РРС","-?-"),"-")} -> - | H19: =IF(ISBLANK(C19),"-","-?-") -> -
D20: =IF(ISBLANK(Таблица5[[#This Row],[Оборудование]]),"-",VLOOKUP(C20,'Справочник оборудования'!B:C,2,FALSE)) -> - | E20: =IF(ISBLANK(Таблица5[[#This Row],[Оборудование]]),"-",IF(D20="Кабель","-",VLOOKUP(C20,'Справочник оборудования'!B:I,8,FALSE)&" / "&VLOOKUP(C20,'Справочник оборудования'!B:I,7,FALSE)&" / "&IF(VLOOKUP(C20,'Справочник оборудования'!B:K,10,FALSE)="","-",VLOOKUP(C20,'Справочник оборудования'!B:K,10,FALSE)))) -> - | F20: =IF(ISBLANK(C20),"-","-?-") -> - | G20: {=IFERROR(_xlfn.IFS(D20="Антенна панельная","-?-",D20="Антенна РРС","-?-"),"-")} -> - | H20: =IF(ISBLANK(C20),"-","-?-") -> -
D21: =IF(ISBLANK(Таблица5[[#This Row],[Оборудование]]),"-",VLOOKUP(C21,'Справочник оборудования'!B:C,2,FALSE)) -> - | E21: =IF(ISBLANK(Таблица5[[#This Row],[Оборудование]]),"-",IF(D21="Кабель","-",VLOOKUP(C21,'Справочник оборудования'!B:I,8,FALSE)&" / "&VLOOKUP(C21,'Справочник оборудования'!B:I,7,FALSE)&" / "&IF(VLOOKUP(C21,'Справочник оборудования'!B:K,10,FALSE)="","-",VLOOKUP(C21,'Справочник оборудования'!B:K,10,FALSE)))) -> - | F21: =IF(ISBLANK(C21),"-","-?-") -> - | G21: {=IFERROR(_xlfn.IFS(D21="Антенна панельная","-?-",D21="Антенна РРС","-?-"),"-")} -> - | H21: =IF(ISBLANK(C21),"-","-?-") -> -
D22: =IF(ISBLANK(Таблица5[[#This Row],[Оборудование]]),"-",VLOOKUP(C22,'Справочник оборудования'!B:C,2,FALSE)) -> - | E22: =IF(ISBLANK(Таблица5[[#This Row],[Оборудование]]),"-",IF(D22="Кабель","-",VLOOKUP(C22,'Справочник оборудования'!B:I,8,FALSE)&" / "&VLOOKUP(C22,'Справочник оборудования'!B:I,7,FALSE)&" / "&IF(VLOOKUP(C22,'Справочник оборудования'!B:K,10,FALSE)="","-",VLOOKUP(C22,'Справочник оборудования'!B:K,10,FALSE)))) -> - | F22: =IF(ISBLANK(C22),"-","-?-") -> - | G22: {=IFERROR(_xlfn.IFS(D22="Антенна панельная","-?-",D22="Антенна РРС","-?-"),"-")} -> - | H22: =IF(ISBLANK(C22),"-","-?-") -> -
D23: =IF(ISBLANK(Таблица5[[#This Row],[Оборудование]]),"-",VLOOKUP(C23,'Справочник оборудования'!B:C,2,FALSE)) -> - | E23: =IF(ISBLANK(Таблица5[[#This Row],[Оборудование]]),"-",IF(D23="Кабель","-",VLOOKUP(C23,'Справочник оборудования'!B:I,8,FALSE)&" / "&VLOOKUP(C23,'Справочник оборудования'!B:I,7,FALSE)&" / "&IF(VLOOKUP(C23,'Справочник оборудования'!B:K,10,FALSE)="","-",VLOOKUP(C23,'Справочник оборудования'!B:K,10,FALSE)))) -> - | F23: =IF(ISBLANK(C23),"-","-?-") -> - | G23: {=IFERROR(_xlfn.IFS(D23="Антенна панельная","-?-",D23="Антенна РРС","-?-"),"-")} -> - | H23: =IF(ISBLANK(C23),"-","-?-") -> -
D24: =IF(ISBLANK(Таблица5[[#This Row],[Оборудование]]),"-",VLOOKUP(C24,'Справочник оборудования'!B:C,2,FALSE)) -> - | E24: =IF(ISBLANK(Таблица5[[#This Row],[Оборудование]]),"-",IF(D24="Кабель","-",VLOOKUP(C24,'Справочник оборудования'!B:I,8,FALSE)&" / "&VLOOKUP(C24,'Справочник оборудования'!B:I,7,FALSE)&" / "&IF(VLOOKUP(C24,'Справочник оборудования'!B:K,10,FALSE)="","-",VLOOKUP(C24,'Справочник оборудования'!B:K,10,FALSE)))) -> - | F24: =IF(ISBLANK(C24),"-","-?-") -> - | G24: {=IFERROR(_xlfn.IFS(D24="Антенна панельная","-?-",D24="Антенна РРС","-?-"),"-")} -> - | H24: =IF(ISBLANK(C24),"-","-?-") -> -
D25: =IF(ISBLANK(Таблица5[[#This Row],[Оборудование]]),"-",VLOOKUP(C25,'Справочник оборудования'!B:C,2,FALSE)) -> - | E25: =IF(ISBLANK(Таблица5[[#This Row],[Оборудование]]),"-",IF(D25="Кабель","-",VLOOKUP(C25,'Справочник оборудования'!B:I,8,FALSE)&" / "&VLOOKUP(C25,'Справочник оборудования'!B:I,7,FALSE)&" / "&IF(VLOOKUP(C25,'Справочник оборудования'!B:K,10,FALSE)="","-",VLOOKUP(C25,'Справочник оборудования'!B:K,10,FALSE)))) -> - | F25: =IF(ISBLANK(C25),"-","-?-") -> - | G25: {=IFERROR(_xlfn.IFS(D25="Антенна панельная","-?-",D25="Антенна РРС","-?-"),"-")} -> - | H25: =IF(ISBLANK(C25),"-","-?-") -> -
D26: =IF(ISBLANK(Таблица5[[#This Row],[Оборудование]]),"-",VLOOKUP(C26,'Справочник оборудования'!B:C,2,FALSE)) -> - | E26: =IF(ISBLANK(Таблица5[[#This Row],[Оборудование]]),"-",IF(D26="Кабель","-",VLOOKUP(C26,'Справочник оборудования'!B:I,8,FALSE)&" / "&VLOOKUP(C26,'Справочник оборудования'!B:I,7,FALSE)&" / "&IF(VLOOKUP(C26,'Справочник оборудования'!B:K,10,FALSE)="","-",VLOOKUP(C26,'Справочник оборудования'!B:K,10,FALSE)))) -> - | F26: =IF(ISBLANK(C26),"-","-?-") -> - | G26: {=IFERROR(_xlfn.IFS(D26="Антенна панельная","-?-",D26="Антенна РРС","-?-"),"-")} -> - | H26: =IF(ISBLANK(C26),"-","-?-") -> -
D27: =IF(ISBLANK(Таблица5[[#This Row],[Оборудование]]),"-",VLOOKUP(C27,'Справочник оборудования'!B:C,2,FALSE)) -> - | E27: =IF(ISBLANK(Таблица5[[#This Row],[Оборудование]]),"-",IF(D27="Кабель","-",VLOOKUP(C27,'Справочник оборудования'!B:I,8,FALSE)&" / "&VLOOKUP(C27,'Справочник оборудования'!B:I,7,FALSE)&" / "&IF(VLOOKUP(C27,'Справочник оборудования'!B:K,10,FALSE)="","-",VLOOKUP(C27,'Справочник оборудования'!B:K,10,FALSE)))) -> - | F27: =IF(ISBLANK(C27),"-","-?-") -> - | G27: {=IFERROR(_xlfn.IFS(D27="Антенна панельная","-?-",D27="Антенна РРС","-?-"),"-")} -> - | H27: =IF(ISBLANK(C27),"-","-?-") -> -
D28: =IF(ISBLANK(Таблица5[[#This Row],[Оборудование]]),"-",VLOOKUP(C28,'Справочник оборудования'!B:C,2,FALSE)) -> - | E28: =IF(ISBLANK(Таблица5[[#This Row],[Оборудование]]),"-",IF(D28="Кабель","-",VLOOKUP(C28,'Справочник оборудования'!B:I,8,FALSE)&" / "&VLOOKUP(C28,'Справочник оборудования'!B:I,7,FALSE)&" / "&IF(VLOOKUP(C28,'Справочник оборудования'!B:K,10,FALSE)="","-",VLOOKUP(C28,'Справочник оборудования'!B:K,10,FALSE)))) -> - | F28: =IF(ISBLANK(C28),"-","-?-") -> - | G28: {=IFERROR(_xlfn.IFS(D28="Антенна панельная","-?-",D28="Антенна РРС","-?-"),"-")} -> - | H28: =IF(ISBLANK(C28),"-","-?-") -> -
... D43: =IF(ISBLANK(Таблица5[[#This Row],[Оборудование]]),"-",VLOOKUP(C43,'Справочник оборудования'!B:C,2,FALSE)) -> - | E43: =IF(ISBLANK(Таблица5[[#This Row],[Оборудование]]),"-",IF(D43="Кабель","-",VLOOKUP(C43,'Справочник оборудования'!B:I,8,FALSE)&" / "&VLOOKUP(C43,'Справочник оборудования'!B:I,7,FALSE)&" / "&IF(VLOOKUP(C43,'Справочник оборудования'!B:K,10,FALSE)="","-",VLOOKUP(C43,'Справочник оборудования'!B:K,10,FALSE)))) -> - | F43: =IF(ISBLANK(C43),"-","-?-") -> - | G43: {=IFERROR(_xlfn.IFS(D43="Антенна панельная","-?-",D43="Антенна РРС","-?-"),"-")} -> - | H43: =IF(ISBLANK(C43),"-","-?-") -> -

Sheet Справочник оборудования
A1: # | B1: Наименование | C1: Тип оборудования | D1: Высота | E1: Ширина | F1: Глубина | G1: Диаметр | H1: Вес | I1: Габарит (текст.) | J1: Особое примечание | K1: Кол-во портов | L1: Площадь (расч.) | M1: Примечание | O1: Поиск
A2: НЕ ИМПОРТИРОВАТЬ! | B2: Ericsson Mini-Link E (0.3m) | C2: Антенна РРС | D2: НЕ ИМПОРТИРОВАТЬ! | E2: НЕ ИМПОРТИРОВАТЬ! | F2: НЕ ИМПОРТИРОВАТЬ! | G2: НЕ ИМПОРТИРОВАТЬ! | H2: 12.1 | I2: Ø 382 | J2: НЕ ИМПОРТИРОВАТЬ! | L2: 0.115 | O2: {=_xlfn._xlws.FILTER(Таблица4[Наименование],ISNUMBER(SEARCH('Спецификация для запроса ТУ'!C10,Таблица4[Наименование])),"")} -> {{table.spr_oborud}}
A3: НЕ ИМПОРТИРОВАТЬ! | B3: Ericsson Mini-Link E (0.6m) | C3: Антенна РРС | D3: НЕ ИМПОРТИРОВАТЬ! | E3: НЕ ИМПОРТИРОВАТЬ! | F3: НЕ ИМПОРТИРОВАТЬ! | G3: НЕ ИМПОРТИРОВАТЬ! | H3: 17.3 | I3: Ø 635 | J3: НЕ ИМПОРТИРОВАТЬ! | L3: 0.317 | O3: {=_xlfn._xlws.FILTER(Таблица4[Наименование],ISNUMBER(SEARCH('Спецификация для запроса ТУ'!C312,Таблица4[Наименование])),"")}
A4: НЕ ИМПОРТИРОВАТЬ! | B4: FainiTS a THP 03 370 S (0.3m) | C4: Антенна РРС | D4: НЕ ИМПОРТИРОВАТЬ! | E4: НЕ ИМПОРТИРОВАТЬ! | F4: НЕ ИМПОРТИРОВАТЬ! | G4: НЕ ИМПОРТИРОВАТЬ! | H4: 15 | I4: Ø 385 | J4: НЕ ИМПОРТИРОВАТЬ! | L4: 0.116 | O4: {=_xlfn._xlws.FILTER(Таблица4[Наименование],ISNUMBER(SEARCH('Спецификация для запроса ТУ'!C312,Таблица4[Наименование])),"")}
A5: НЕ ИМПОРТИРОВАТЬ! | B5: Huawei RTN-380AX (0.3m) | C5: Антенна РРС | D5: НЕ ИМПОРТИРОВАТЬ! | E5: НЕ ИМПОРТИРОВАТЬ! | F5: НЕ ИМПОРТИРОВАТЬ! | G5: НЕ ИМПОРТИРОВАТЬ! | H5: 8 | I5: Ø 300 | J5: НЕ ИМПОРТИРОВАТЬ! | L5: 0.071 | O5: {=_xlfn._xlws.FILTER(Таблица4[Наименование],ISNUMBER(SEARCH('Спецификация для запроса ТУ'!C312,Таблица4[Наименование])),"")}
A6: НЕ ИМПОРТИРОВАТЬ! | B6: Huawei RTN-380AX (0.6m) | C6: Антенна РРС | D6: НЕ ИМПОРТИРОВАТЬ! | E6: НЕ ИМПОРТИРОВАТЬ! | F6: НЕ ИМПОРТИРОВАТЬ! | G6: НЕ ИМПОРТИРОВАТЬ! | H6: 12 | I6: Ø 600 | J6: НЕ ИМПОРТИРОВАТЬ! | L6: 0.283 | O6: {=_xlfn._xlws.FILTER(Таблица4[Наименование],ISNUMBER(SEARCH('Спецификация для запроса ТУ'!C312,Таблица4[Наименование])),"")}
A7: НЕ ИМПОРТИРОВАТЬ! | B7: Huawei XMC-3 (0.3m) | C7: Антенна РРС | D7: НЕ ИМПОРТИРОВАТЬ! | E7: НЕ ИМПОРТИРОВАТЬ! | F7: НЕ ИМПОРТИРОВАТЬ! | G7: НЕ ИМПОРТИРОВАТЬ! | H7: 8 | I7: Ø 300 | J7: НЕ ИМПОРТИРОВАТЬ! | L7: 0.071 | M7: 42мм - толщина блока | O7: {=_xlfn._xlws.FILTER(Таблица4[Наименование],ISNUMBER(SEARCH('Спецификация для запроса ТУ'!C312,Таблица4[Наименование])),"")}
A8: НЕ ИМПОРТИРОВАТЬ! | B8: InfiLINK Evolution E5-ST23 | C8: Антенна РРС | D8: НЕ ИМПОРТИРОВАТЬ! | E8: НЕ ИМПОРТИРОВАТЬ! | F8: НЕ ИМПОРТИРОВАТЬ! | G8: НЕ ИМПОРТИРОВАТЬ! | H8: 1.8 | I8: 305 x 305 x 66 | J8: НЕ ИМПОРТИРОВАТЬ! | L8: 0.093 | O8: {=_xlfn._xlws.FILTER(Таблица4[Наименование],ISNUMBER(SEARCH('Спецификация для запроса ТУ'!C312,Таблица4[Наименование])),"")}
A9: НЕ ИМПОРТИРОВАТЬ! | B9: Infinet Vector v70-39 (0.12m, линз.) | C9: Антенна РРС | D9: НЕ ИМПОРТИРОВАТЬ! | E9: НЕ ИМПОРТИРОВАТЬ! | F9: НЕ ИМПОРТИРОВАТЬ! | G9: НЕ ИМПОРТИРОВАТЬ! | H9: 3.1 | I9: 255 x 226 x 189 | J9: НЕ ИМПОРТИРОВАТЬ! | L9: 0.058 | O9: {=_xlfn._xlws.FILTER(Таблица4[Наименование],ISNUMBER(SEARCH('Спецификация для запроса ТУ'!C312,Таблица4[Наименование])),"")}
A10: НЕ ИМПОРТИРОВАТЬ! | B10: MikroTik LGH 60G | C10: Антенна РРС | D10: НЕ ИМПОРТИРОВАТЬ! | E10: НЕ ИМПОРТИРОВАТЬ! | F10: НЕ ИМПОРТИРОВАТЬ! | G10: НЕ ИМПОРТИРОВАТЬ! | H10: 2.5 | I10: Ø 391 | J10: НЕ ИМПОРТИРОВАТЬ! | L10: 0.12 | O10: {=_xlfn._xlws.FILTER(Таблица4[Наименование],ISNUMBER(SEARCH('Спецификация для запроса ТУ'!C312,Таблица4[Наименование])),"")}
A11: НЕ ИМПОРТИРОВАТЬ! | B11: Nokia UBT-mX (0.3m) | C11: Антенна РРС | D11: НЕ ИМПОРТИРОВАТЬ! | E11: НЕ ИМПОРТИРОВАТЬ! | F11: НЕ ИМПОРТИРОВАТЬ! | G11: НЕ ИМПОРТИРОВАТЬ! | H11: 8.8 | I11: Ø 300 | J11: НЕ ИМПОРТИРОВАТЬ! | L11: 0.071 | O11: {=_xlfn._xlws.FILTER(Таблица4[Наименование],ISNUMBER(SEARCH('Спецификация для запроса ТУ'!C312,Таблица4[Наименование])),"")}
A12: НЕ ИМПОРТИРОВАТЬ! | B12: Siklu EtherHaul-8010FX (0.3m) | C12: Антенна РРС | D12: НЕ ИМПОРТИРОВАТЬ! | E12: НЕ ИМПОРТИРОВАТЬ! | F12: НЕ ИМПОРТИРОВАТЬ! | G12: НЕ ИМПОРТИРОВАТЬ! | H12: 5.3 | I12: Ø 300 | J12: НЕ ИМПОРТИРОВАТЬ! | L12: 0.071 | O12: {=_xlfn._xlws.FILTER(Таблица4[Наименование],ISNUMBER(SEARCH('Спецификация для запроса ТУ'!C312,Таблица4[Наименование])),"")}
A13: НЕ ИМПОРТИРОВАТЬ! | B13: Siklu EtherHaul-8010FX (0.6m) | C13: Антенна РРС | D13: НЕ ИМПОРТИРОВАТЬ! | E13: НЕ ИМПОРТИРОВАТЬ! | F13: НЕ ИМПОРТИРОВАТЬ! | G13: НЕ ИМПОРТИРОВАТЬ! | H13: 16 | I13: Ø 600 | J13: НЕ ИМПОРТИРОВАТЬ! | L13: 0.283 | O13: {=_xlfn._xlws.FILTER(Таблица4[Наименование],ISNUMBER(SEARCH('Спецификация для запроса ТУ'!C312,Таблица4[Наименование])),"")}
A14: НЕ ИМПОРТИРОВАТЬ! | B14: МАЯК-1000Е 0.12m (линз.) | C14: Антенна РРС | D14: НЕ ИМПОРТИРОВАТЬ! | E14: НЕ ИМПОРТИРОВАТЬ! | F14: НЕ ИМПОРТИРОВАТЬ! | G14: НЕ ИМПОРТИРОВАТЬ! | H14: 4.8 | I14: Ø 120 | J14: НЕ ИМПОРТИРОВАТЬ! | L14: 0.084 | O14: {=_xlfn._xlws.FILTER(Таблица4[Наименование],ISNUMBER(SEARCH('Спецификация для запроса ТУ'!C312,Таблица4[Наименование])),"")}
A15: НЕ ИМПОРТИРОВАТЬ! | B15: МАЯК-1000Е 0.3m | C15: Антенна РРС | D15: НЕ ИМПОРТИРОВАТЬ! | E15: НЕ ИМПОРТИРОВАТЬ! | F15: НЕ ИМПОРТИРОВАТЬ! | G15: НЕ ИМПОРТИРОВАТЬ! | H15: 7 | I15: Ø 385 | J15: НЕ ИМПОРТИРОВАТЬ! | L15: 0.116 | O15: {=_xlfn._xlws.FILTER(Таблица4[Наименование],ISNUMBER(SEARCH('Спецификация для запроса ТУ'!C312,Таблица4[Наименование])),"")}
A16: НЕ ИМПОРТИРОВАТЬ! | B16: МАЯК-1000Е 0.6m | C16: Антенна РРС | D16: НЕ ИМПОРТИРОВАТЬ! | E16: НЕ ИМПОРТИРОВАТЬ! | F16: НЕ ИМПОРТИРОВАТЬ! | G16: НЕ ИМПОРТИРОВАТЬ! | H16: 10.4 | I16: Ø 650 | J16: НЕ ИМПОРТИРОВАТЬ! | L16: 0.332 | O16: {=_xlfn._xlws.FILTER(Таблица4[Наименование],ISNUMBER(SEARCH('Спецификация для запроса ТУ'!C312,Таблица4[Наименование])),"")}
A17: НЕ ИМПОРТИРОВАТЬ! | B17: НТР NTSR-1G A20/А25 (0.12m) | C17: Антенна РРС | D17: НЕ ИМПОРТИРОВАТЬ! | E17: НЕ ИМПОРТИРОВАТЬ! | F17: НЕ ИМПОРТИРОВАТЬ! | G17: НЕ ИМПОРТИРОВАТЬ! | H17: 5.6 | I17: Ø 125 | J17: НЕ ИМПОРТИРОВАТЬ! | L17: 0.144 | O17: {=_xlfn._xlws.FILTER(Таблица4[Наименование],ISNUMBER(SEARCH('Спецификация для запроса ТУ'!C312,Таблица4[Наименование])),"")}
A18: НЕ ИМПОРТИРОВАТЬ! | B18: НТР NTSR-1G AWG 0.3 | C18: Антенна РРС | D18: НЕ ИМПОРТИРОВАТЬ! | E18: НЕ ИМПОРТИРОВАТЬ! | F18: НЕ ИМПОРТИРОВАТЬ! | G18: НЕ ИМПОРТИРОВАТЬ! | H18: 14.8 | I18: Ø 395 | J18: НЕ ИМПОРТИРОВАТЬ! | L18: 0.123 | O18: {=_xlfn._xlws.FILTER(Таблица4[Наименование],ISNUMBER(SEARCH('Спецификация для запроса ТУ'!C312,Таблица4[Наименование])),"")}
A19: НЕ ИМПОРТИРОВАТЬ! | B19: НТР NTSR-1G AWG 0.6 | C19: Антенна РРС | D19: НЕ ИМПОРТИРОВАТЬ! | E19: НЕ ИМПОРТИРОВАТЬ! | F19: НЕ ИМПОРТИРОВАТЬ! | G19: НЕ ИМПОРТИРОВАТЬ! | H19: 16.8 | I19: Ø 650 | J19: НЕ ИМПОРТИРОВАТЬ! | L19: 0.332 | O19: {=_xlfn._xlws.FILTER(Таблица4[Наименование],ISNUMBER(SEARCH('Спецификация для запроса ТУ'!C312,Таблица4[Наименование])),"")}
A20: НЕ ИМПОРТИРОВАТЬ! | B20: РРС 0.2m | C20: Антенна РРС | D20: НЕ ИМПОРТИРОВАТЬ! | E20: НЕ ИМПОРТИРОВАТЬ! | F20: НЕ ИМПОРТИРОВАТЬ! | G20: НЕ ИМПОРТИРОВАТЬ! | H20: 6 | I20: Ø 200 | J20: НЕ ИМПОРТИРОВАТЬ! | L20: 0.031 | O20: {=_xlfn._xlws.FILTER(Таблица4[Наименование],ISNUMBER(SEARCH('Спецификация для запроса ТУ'!C312,Таблица4[Наименование])),"")}
A21: НЕ ИМПОРТИРОВАТЬ! | B21: РРС 0.3m | C21: Антенна РРС | D21: НЕ ИМПОРТИРОВАТЬ! | E21: НЕ ИМПОРТИРОВАТЬ! | F21: НЕ ИМПОРТИРОВАТЬ! | G21: НЕ ИМПОРТИРОВАТЬ! | H21: 9 | I21: Ø 300 | J21: НЕ ИМПОРТИРОВАТЬ! | L21: 0.071 | O21: {=_xlfn._xlws.FILTER(Таблица4[Наименование],ISNUMBER(SEARCH('Спецификация для запроса ТУ'!C312,Таблица4[Наименование])),"")}
A22: НЕ ИМПОРТИРОВАТЬ! | B22: РРС 0.6m | C22: Антенна РРС | D22: НЕ ИМПОРТИРОВАТЬ! | E22: НЕ ИМПОРТИРОВАТЬ! | F22: НЕ ИМПОРТИРОВАТЬ! | G22: НЕ ИМПОРТИРОВАТЬ! | H22: 12 | I22: Ø 600 | J22: НЕ ИМПОРТИРОВАТЬ! | L22: 0.283 | O22: {=_xlfn._xlws.FILTER(Таблица4[Наименование],ISNUMBER(SEARCH('Спецификация для запроса ТУ'!C312,Таблица4[Наименование])),"")}
A23: НЕ ИМПОРТИРОВАТЬ! | B23: Broadradio LLPX310P2-DH2-2C | C23: Антенна панельная | D23: НЕ ИМПОРТИРОВАТЬ! | E23: НЕ ИМПОРТИРОВАТЬ! | F23: НЕ ИМПОРТИРОВАТЬ! | G23: НЕ ИМПОРТИРОВАТЬ! | H23: 18.2 | I23: 1380 x 320 x 140 | J23: НЕ ИМПОРТИРОВАТЬ! | K23: 8 | L23: 0.442 | M23: (1710-2170/1710-2170/2490-2690/2490-2690) | O23: {=_xlfn._xlws.FILTER(Таблица4[Наименование],ISNUMBER(SEARCH('Спецификация для запроса ТУ'!C312,Таблица4[Наименование])),"")}
A24: НЕ ИМПОРТИРОВАТЬ! | B24: Broadradio LLPX312P-DHH-E2-C | C24: Антенна панельная | D24: НЕ ИМПОРТИРОВАТЬ! | E24: НЕ ИМПОРТИРОВАТЬ! | F24: НЕ ИМПОРТИРОВАТЬ! | G24: НЕ ИМПОРТИРОВАТЬ! | H24: 25.7 | I24: 1370 x 339 x 169 | J24: НЕ ИМПОРТИРОВАТЬ! | K24: 8 | L24: 0.464 | M24: (1710-2170/1710-2170/2490-2690/2490-2690) | O24: {=_xlfn._xlws.FILTER(Таблица4[Наименование],ISNUMBER(SEARCH('Спецификация для запроса ТУ'!C312,Таблица4[Наименование])),"")}
A25: НЕ ИМПОРТИРОВАТЬ! | B25: Broadradio S-HLLPX8.6P2-DH2-2C | C25: Антенна панельная | D25: НЕ ИМПОРТИРОВАТЬ! | E25: НЕ ИМПОРТИРОВАТЬ! | F25: НЕ ИМПОРТИРОВАТЬ! | G25: НЕ ИМПОРТИРОВАТЬ! | H25: 30.9 | I25: 1295 x 448 x 145 | J25: НЕ ИМПОРТИРОВАТЬ! | K25: 8 | L25: 0.58 | M25: (1710-2170/1710-2170/2490-2690/2490-2690) | O25: {=_xlfn._xlws.FILTER(Таблица4[Наименование],ISNUMBER(SEARCH('Спецификация для запроса ТУ'!C312,Таблица4[Наименование])),"")}
A26: НЕ ИМПОРТИРОВАТЬ! | B26: Broadradio U2L4PX305.11P-DHH-E2-C | C26: Антенна панельная | D26: НЕ ИМПОРТИРОВАТЬ! | E26: НЕ ИМПОРТИРОВАТЬ! | F26: НЕ ИМПОРТИРОВАТЬ! | G26: НЕ ИМПОРТИРОВАТЬ! | H26: 38.9 | I26: 1495 x 498 x 197 | J26: НЕ ИМПОРТИРОВАТЬ! | K26: 16 | L26: 0.745 | M26: (694-960/694-960/1710-2170/1710-2170/2490-2690/2490-2690/1710-2690/1710-2690) | O26: {=_xlfn._xlws.FILTER(Таблица4[Наименование],ISNUMBER(SEARCH('Спецификация для запроса ТУ'!C312,Таблица4[Наименование])),"")}
A27: НЕ ИМПОРТИРОВАТЬ! | B27: Broadradio U2L4PX305.11P2-DHH-E2-C | C27: Антенна панельная | D27: НЕ ИМПОРТИРОВАТЬ! | E27: НЕ ИМПОРТИРОВАТЬ! | F27: НЕ ИМПОРТИРОВАТЬ! | G27: НЕ ИМПОРТИРОВАТЬ! | H27: 38.9 | I27: 1495 x 498 x 197 | J27: НЕ ИМПОРТИРОВАТЬ! | K27: 16 | L27: 0.745 | M27: (694-960/694-960/1710-2170/1710-2170/2490-2690/2490-2690/1710-2690/1710-2690) | O27: {=_xlfn._xlws.FILTER(Таблица4[Наименование],ISNUMBER(SEARCH('Спецификация для запроса ТУ'!C312,Таблица4[Наименование])),"")}
A28: НЕ ИМПОРТИРОВАТЬ! | B28: Broadradio UL4PX308.10P-E2-C | C28: Антенна панельная | D28: НЕ ИМПОРТИРОВАТЬ! | E28: НЕ ИМПОРТИРОВАТЬ! | F28: НЕ ИМПОРТИРОВАТЬ! | G28: НЕ ИМПОРТИРОВАТЬ! | H28: 41.3 | I28: 2400 x 339 x 169 | J28: НЕ ИМПОРТИРОВАТЬ! | K28: 10 | L28: 0.814 | M28: (698-960/1710-2690/1710-2690/1710-2690/1710-2690) | O28: {=_xlfn._xlws.FILTER(Таблица4[Наименование],ISNUMBER(SEARCH('Спецификация для запроса ТУ'!C312,Таблица4[Наименование])),"")}
A29: НЕ ИМПОРТИРОВАТЬ! | B29: Comba ODDI2-032R18J02-GQ V1 | C29: Антенна панельная | D29: НЕ ИМПОРТИРОВАТЬ! | E29: НЕ ИМПОРТИРОВАТЬ! | F29: НЕ ИМПОРТИРОВАТЬ! | G29: НЕ ИМПОРТИРОВАТЬ! | H29: 35 | I29: 1800 x 355 x 192 | J29: НЕ ИМПОРТИРОВАТЬ! | K29: 8 | L29: 0.639 | M29: (1695-2690/1695-2690/1695-2690/1695-2690) (вес не точный) | O29: {=_xlfn._xlws.FILTER(Таблица4[Наименование],ISNUMBER(SEARCH('Спецификация для запроса ТУ'!C312,Таблица4[Наименование])),"")}
A30: НЕ ИМПОРТИРОВАТЬ! | B30: Comba ODHI-32R18JJ65R16M-GQ | C30: Антенна панельная | D30: НЕ ИМПОРТИРОВАТЬ! | E30: НЕ ИМПОРТИРОВАТЬ! | F30: НЕ ИМПОРТИРОВАТЬ! | G30: НЕ ИМПОРТИРОВАТЬ! | H30: 40.6 | I30: 2000 x 355 x 192 | J30: НЕ ИМПОРТИРОВАТЬ! | K30: 10 | L30: 0.71 | M30: (690-960/1710-2690/1710-2690/1710-2690/1710-2690) | O30: {=_xlfn._xlws.FILTER(Таблица4[Наименование],ISNUMBER(SEARCH('Спецификация для запроса ТУ'!C312,Таблица4[Наименование])),"")}
A31: НЕ ИМПОРТИРОВАТЬ! | B31: Comba ODI-065R15M18J02-Q V3 | C31: Антенна панельная | D31: НЕ ИМПОРТИРОВАТЬ! | E31: НЕ ИМПОРТИРОВАТЬ! | F31: НЕ ИМПОРТИРОВАТЬ! | G31: НЕ ИМПОРТИРОВАТЬ! | H31: 26 | I31: 1500 x 445 x 150 | J31: НЕ ИМПОРТИРОВАТЬ! | K31: 8 | L31: 0.668 | M31: (690-960/690-960/1695-2690/1695-2690) | O31: {=_xlfn._xlws.FILTER(Таблица4[Наименование],ISNUMBER(SEARCH('Спецификация для запроса ТУ'!C312,Таблица4[Наименование])),"")}
A32: НЕ ИМПОРТИРОВАТЬ! | B32: Comba ODI-065R15M18JJ02-GQ V1 | C32: Антенна панельная | D32: НЕ ИМПОРТИРОВАТЬ! | E32: НЕ ИМПОРТИРОВАТЬ! | F32: НЕ ИМПОРТИРОВАТЬ! | G32: НЕ ИМПОРТИРОВАТЬ! | H32: 19.7 | I32: 1400 x 320 x 145 | J32: НЕ ИМПОРТИРОВАТЬ! | K32: 6 | L32: 0.448 | M32: (690-960/1695-2690/1695-2690) | O32: {=_xlfn._xlws.FILTER(Таблица4[Наименование],ISNUMBER(SEARCH('Спецификация для запроса ТУ'!C312,Таблица4[Наименование])),"")}
A33: НЕ ИМПОРТИРОВАТЬ! | B33: Comba ODI-065R15MJJJJ02-Q-22 V1 | C33: Антенна панельная | D33: НЕ ИМПОРТИРОВАТЬ! | E33: НЕ ИМПОРТИРОВАТЬ! | F33: НЕ ИМПОРТИРОВАТЬ! | G33: НЕ ИМПОРТИРОВАТЬ! | H33: 25.5 | I33: 1600 x 355 x 192 | J33: НЕ ИМПОРТИРОВАТЬ! | K33: 10 | L33: 0.568 | M33: (690-960/1695-2690/1695-2690/1695-2690/1695-2690) | O33: {=_xlfn._xlws.FILTER(Таблица4[Наименование],ISNUMBER(SEARCH('Спецификация для запроса ТУ'!C312,Таблица4[Наименование])),"")}
A34: НЕ ИМПОРТИРОВАТЬ! | B34: Comba ODI-065R15MJJJJ02-Q-RU V1 | C34: Антенна панельная | D34: НЕ ИМПОРТИРОВАТЬ! | E34: НЕ ИМПОРТИРОВАТЬ! | F34: НЕ ИМПОРТИРОВАТЬ! | G34: НЕ ИМПОРТИРОВАТЬ! | H34: 29.3 | I34: 1600 x 355 x 192 | J34: НЕ ИМПОРТИРОВАТЬ! | K34: 10 | L34: 0.568 | M34: (690-960/1695-2690/1695-2690/1695-2690/1695-2690) | O34: {=_xlfn._xlws.FILTER(Таблица4[Наименование],ISNUMBER(SEARCH('Спецификация для запроса ТУ'!C312,Таблица4[Наименование])),"")}
A35: НЕ ИМПОРТИРОВАТЬ! | B35: Comba ODI-065R16M17JJJJ02-Q V3 | C35: Антенна панельная | D35: НЕ ИМПОРТИРОВАТЬ! | E35: НЕ ИМПОРТИРОВАТЬ! | F35: НЕ ИМПОРТИРОВАТЬ! | G35: НЕ ИМПОРТИРОВАТЬ! | H35: 26.5 | I35: 1800 x 355 x 192 | J35: НЕ ИМПОРТИРОВАТЬ! | K35: 10 | L35: 0.639 | M35: (690-960/1695-2690/1695-2690/1695-2690/1695-2690) | O35: {=_xlfn._xlws.FILTER(Таблица4[Наименование],ISNUMBER(SEARCH('Спецификация для запроса ТУ'!C312,Таблица4[Наименование])),"")}
A36: НЕ ИМПОРТИРОВАТЬ! | B36: Comba ODI-065R16M18JJ-GQ V3 | C36: Антенна панельная | D36: НЕ ИМПОРТИРОВАТЬ! | E36: НЕ ИМПОРТИРОВАТЬ! | F36: НЕ ИМПОРТИРОВАТЬ! | G36: НЕ ИМПОРТИРОВАТЬ! | H36: 31.2 | I36: 2000 x 355 x 192 | J36: НЕ ИМПОРТИРОВАТЬ! | K36: 6 | L36: 0.71 | M36: (694-960/1695-2690/1695-2690) | O36: {=_xlfn._xlws.FILTER(Таблица4[Наименование],ISNUMBER(SEARCH('Спецификация для запроса ТУ'!C312,Таблица4[Наименование])),"")}
A37: НЕ ИМПОРТИРОВАТЬ! | B37: Comba ODI-065R16M18JJ-GQ-RU V2 | C37: Антенна панельная | D37: НЕ ИМПОРТИРОВАТЬ! | E37: НЕ ИМПОРТИРОВАТЬ! | F37: НЕ ИМПОРТИРОВАТЬ! | G37: НЕ ИМПОРТИРОВАТЬ! | H37: 31.1 | I37: 2000 x 355 x 192 | J37: НЕ ИМПОРТИРОВАТЬ! | K37: 6 | L37: 0.71 | M37: (694-960/1695-2690/1695-2690) | O37: {=_xlfn._xlws.FILTER(Таблица4[Наименование],ISNUMBER(SEARCH('Спецификация для запроса ТУ'!C312,Таблица4[Наименование])),"")}
A38: НЕ ИМПОРТИРОВАТЬ! | B38: Comba ODI2-065R16MJJ02-GQ V1 | C38: Антенна панельная | D38: НЕ ИМПОРТИРОВАТЬ! | E38: НЕ ИМПОРТИРОВАТЬ! | F38: НЕ ИМПОРТИРОВАТЬ! | G38: НЕ ИМПОРТИРОВАТЬ! | H38: 43.7 | I38: 2000 x 445 x 192 | J38: НЕ ИМПОРТИРОВАТЬ! | K38: 12 | L38: 0.89 | M38: (690-960/690-960/1695-2690/1695-2690/1695-2690/1695-2690) | O38: {=_xlfn._xlws.FILTER(Таблица4[Наименование],ISNUMBER(SEARCH('Спецификация для запроса ТУ'!C312,Таблица4[Наименование])),"")}
A39: НЕ ИМПОРТИРОВАТЬ! | B39: Comba ODV2-065R18J-G V1 | C39: Антенна панельная | D39: НЕ ИМПОРТИРОВАТЬ! | E39: НЕ ИМПОРТИРОВАТЬ! | F39: НЕ ИМПОРТИРОВАТЬ! | G39: НЕ ИМПОРТИРОВАТЬ! | H39: 23.1 | I39: 1400 x 320 x 110 | J39: НЕ ИМПОРТИРОВАТЬ! | K39: 4 | L39: 0.448 | M39: (1710-2690/1710-2690/1710-2690/1710-2690) | O39: {=_xlfn._xlws.FILTER(Таблица4[Наименование],ISNUMBER(SEARCH('Спецификация для запроса ТУ'!C312,Таблица4[Наименование])),"")}
A40: НЕ ИМПОРТИРОВАТЬ! | B40: Commscope VVPX306R-V1 | C40: Антенна панельная | D40: НЕ ИМПОРТИРОВАТЬ! | E40: НЕ ИМПОРТИРОВАТЬ! | F40: НЕ ИМПОРТИРОВАТЬ! | G40: НЕ ИМПОРТИРОВАТЬ! | H40: 9 | I40: 812 x 290 x 103 | J40: НЕ ИМПОРТИРОВАТЬ! | K40: 4 | L40: 0.235 | M40: (1710-2690/1710-2690) | O40: {=_xlfn._xlws.FILTER(Таблица4[Наименование],ISNUMBER(SEARCH('Спецификация для запроса ТУ'!C312,Таблица4[Наименование])),"")}
A41: НЕ ИМПОРТИРОВАТЬ! | B41: FiberHome HXPM20X22BBYYYYYY1618065T2C | C41: Антенна панельная | D41: НЕ ИМПОРТИРОВАТЬ! | E41: НЕ ИМПОРТИРОВАТЬ! | F41: НЕ ИМПОРТИРОВАТЬ! | G41: НЕ ИМПОРТИРОВАТЬ! | H41: 46.9 | I41: 2100 x 448 x 200 | J41: НЕ ИМПОРТИРОВАТЬ! | K41: 21 | L41: 0.941 | M41: (698-960/698-960/1710-2170/1710-2170/2500-2690/2500-2690/2500-2690) (20 + 1 cal) | O41: {=_xlfn._xlws.FILTER(Таблица4[Наименование],ISNUMBER(SEARCH('Спецификация для запроса ТУ'!C312,Таблица4[Наименование])),"")}
A42: НЕ ИМПОРТИРОВАТЬ! | B42: FiberHome HXPM4XWW19065T2C | C42: Антенна панельная | D42: НЕ ИМПОРТИРОВАТЬ! | E42: НЕ ИМПОРТИРОВАТЬ! | F42: НЕ ИМПОРТИРОВАТЬ! | G42: НЕ ИМПОРТИРОВАТЬ! | H42: 18.9 | I42: 1300 x 270 x 140 | J42: НЕ ИМПОРТИРОВАТЬ! | K42: 4 | L42: 0.351 | M42: (1710-2690/1710-2690) | O42: {=_xlfn._xlws.FILTER(Таблица4[Наименование],ISNUMBER(SEARCH('Спецификация для запроса ТУ'!C312,Таблица4[Наименование])),"")}
A43: НЕ ИМПОРТИРОВАТЬ! | B43: FiberHome HXPM6X3WW1518065T2C | C43: Антенна панельная | D43: НЕ ИМПОРТИРОВАТЬ! | E43: НЕ ИМПОРТИРОВАТЬ! | F43: НЕ ИМПОРТИРОВАТЬ! | G43: НЕ ИМПОРТИРОВАТЬ! | H43: 26.8 | I43: 1490 x 398 x 140 | J43: НЕ ИМПОРТИРОВАТЬ! | K43: 6 | L43: 0.593 | M43: (790-960/1710-2690/1710-2690) | O43: {=_xlfn._xlws.FILTER(Таблица4[Наименование],ISNUMBER(SEARCH('Спецификация для запроса ТУ'!C312,Таблица4[Наименование])),"")}
A44: НЕ ИМПОРТИРОВАТЬ! | B44: FiberHome HXPM6X3WW1619065T2C | C44: Антенна панельная | D44: НЕ ИМПОРТИРОВАТЬ! | E44: НЕ ИМПОРТИРОВАТЬ! | F44: НЕ ИМПОРТИРОВАТЬ! | G44: НЕ ИМПОРТИРОВАТЬ! | H44: 24.9 | I44: 1490 x 398 x 140 | J44: НЕ ИМПОРТИРОВАТЬ! | K44: 6 | L44: 0.593 | M44: (790-960/1710-2690/1710-2690) | O44: {=_xlfn._xlws.FILTER(Таблица4[Наименование],ISNUMBER(SEARCH('Спецификация для запроса ТУ'!C312,Таблица4[Наименование])),"")}
A45: НЕ ИМПОРТИРОВАТЬ! | B45: FiberHome HXPM6XWWW19065T2C | C45: Антенна панельная | D45: НЕ ИМПОРТИРОВАТЬ! | E45: НЕ ИМПОРТИРОВАТЬ! | F45: НЕ ИМПОРТИРОВАТЬ! | G45: НЕ ИМПОРТИРОВАТЬ! | H45: 23.9 | I45: 1300 x 398 x 140 | J45: НЕ ИМПОРТИРОВАТЬ! | K45: 6 | L45: 0.517 | M45: (1710-2690/1710-2690/1710-2690) | O45: {=_xlfn._xlws.FILTER(Таблица4[Наименование],ISNUMBER(SEARCH('Спецификация для запроса ТУ'!C312,Таблица4[Наименование])),"")}
A46: НЕ ИМПОРТИРОВАТЬ! | B46: FiberHome HXPM8X3BYW1618065T2FT2C | C46: Антенна панельная | D46: НЕ ИМПОРТИРОВАТЬ! | E46: НЕ ИМПОРТИРОВАТЬ! | F46: НЕ ИМПОРТИРОВАТЬ! | G46: НЕ ИМПОРТИРОВАТЬ! | H46: 32.3 | I46: 2100 x 398 x 140 | J46: НЕ ИМПОРТИРОВАТЬ! | K46: 8 | L46: 0.836 | M46: (790-960/1710-2170/2300-2690/1710-2690) | O46: {=_xlfn._xlws.FILTER(Таблица4[Наименование],ISNUMBER(SEARCH('Спецификация для запроса ТУ'!C312,Таблица4[Наименование])),"")}
A47: НЕ ИМПОРТИРОВАТЬ! | B47: FiberHome HXPM8XBBYY19065T2C | C47: Антенна панельная | D47: НЕ ИМПОРТИРОВАТЬ! | E47: НЕ ИМПОРТИРОВАТЬ! | F47: НЕ ИМПОРТИРОВАТЬ! | G47: НЕ ИМПОРТИРОВАТЬ! | H47: 23.9 | I47: 1398 x 320 x 140 | J47: НЕ ИМПОРТИРОВАТЬ! | K47: 8 | L47: 0.447 | M47: (1710-2170/1710-2170/2500-2690/2500-2690) | O47: {=_xlfn._xlws.FILTER(Таблица4[Наименование],ISNUMBER(SEARCH('Спецификация для запроса ТУ'!C312,Таблица4[Наименование])),"")}
A48: НЕ ИМПОРТИРОВАТЬ! | B48: Hengxin HXL2W651113DRNF | C48: Антенна панельная | D48: НЕ ИМПОРТИРОВАТЬ! | E48: НЕ ИМПОРТИРОВАТЬ! | F48: НЕ ИМПОРТИРОВАТЬ! | G48: НЕ ИМПОРТИРОВАТЬ! | H48: 10 | I48: 750 x 357 x 177 | J48: НЕ ИМПОРТИРОВАТЬ! | K48: 6 | L48: 0.268 | M48: (790-960/1710-2690/1710-2690) | O48: {=_xlfn._xlws.FILTER(Таблица4[Наименование],ISNUMBER(SEARCH('Спецификация для запроса ТУ'!C312,Таблица4[Наименование])),"")}
A49: НЕ ИМПОРТИРОВАТЬ! | B49: Huawei A104518R06v06 | C49: Антенна панельная | D49: НЕ ИМПОРТИРОВАТЬ! | E49: НЕ ИМПОРТИРОВАТЬ! | F49: НЕ ИМПОРТИРОВАТЬ! | G49: НЕ ИМПОРТИРОВАТЬ! | H49: 40.2 | I49: 1699 x 469 x 206 | J49: НЕ ИМПОРТИРОВАТЬ! | K49: 14 | L49: 0.797 | M49: (790-960/790-960/1695-2690/1695-2690/1695-2690/1695-2690/2490-2690/2490-2690/2490-2690/2490-2690) (12+2(4-5pin)) | O49: {=_xlfn._xlws.FILTER(Таблица4[Наименование],ISNUMBER(SEARCH('Спецификация для запроса ТУ'!C312,Таблица4[Наименование])),"")}
A50: НЕ ИМПОРТИРОВАТЬ! | B50: Huawei A26451500 | C50: Антенна панельная | D50: НЕ ИМПОРТИРОВАТЬ! | E50: НЕ ИМПОРТИРОВАТЬ! | F50: НЕ ИМПОРТИРОВАТЬ! | G50: НЕ ИМПОРТИРОВАТЬ! | H50: 8.1 | I50: 841 x 155 x 109 | J50: НЕ ИМПОРТИРОВАТЬ! | K50: 2 | L50: 0.13 | M50: (1710-2690) | O50: {=_xlfn._xlws.FILTER(Таблица4[Наименование],ISNUMBER(SEARCH('Спецификация для запроса ТУ'!C312,Таблица4[Наименование])),"")}
A51: НЕ ИМПОРТИРОВАТЬ! | B51: Huawei A264521R2v06 | C51: Антенна панельная | D51: НЕ ИМПОРТИРОВАТЬ! | E51: НЕ ИМПОРТИРОВАТЬ! | F51: НЕ ИМПОРТИРОВАТЬ! | G51: НЕ ИМПОРТИРОВАТЬ! | H51: 17.8 | I51: 1365 x 299 x 109 | J51: НЕ ИМПОРТИРОВАТЬ! | K51: 2 | L51: 0.408 | M51: (1695-2690) | O51: {=_xlfn._xlws.FILTER(Таблица4[Наименование],ISNUMBER(SEARCH('Спецификация для запроса ТУ'!C312,Таблица4[Наименование])),"")}
A52: НЕ ИМПОРТИРОВАТЬ! | B52: Huawei AAU5636-4.9 | C52: Антенна панельная | D52: НЕ ИМПОРТИРОВАТЬ! | E52: НЕ ИМПОРТИРОВАТЬ! | F52: НЕ ИМПОРТИРОВАТЬ! | G52: НЕ ИМПОРТИРОВАТЬ! | H52: 29 | I52: 730 x 395 x 200 | J52: НЕ ИМПОРТИРОВАТЬ! | L52: 0.288 | M52: (4800-4960) | O52: {=_xlfn._xlws.FILTER(Таблица4[Наименование],ISNUMBER(SEARCH('Спецификация для запроса ТУ'!C312,Таблица4[Наименование])),"")}
A53: НЕ ИМПОРТИРОВАТЬ! | B53: Huawei ADU451507 | C53: Антенна панельная | D53: НЕ ИМПОРТИРОВАТЬ! | E53: НЕ ИМПОРТИРОВАТЬ! | F53: НЕ ИМПОРТИРОВАТЬ! | G53: НЕ ИМПОРТИРОВАТЬ! | H53: 12.5 | I53: 840 x 299 x 109 | J53: НЕ ИМПОРТИРОВАТЬ! | K53: 4 | L53: 0.251 | M53: (1710-2690/1710-2690) | O53: {=_xlfn._xlws.FILTER(Таблица4[Наименование],ISNUMBER(SEARCH('Спецификация для запроса ТУ'!C312,Таблица4[Наименование])),"")}
A54: НЕ ИМПОРТИРОВАТЬ! | B54: Huawei ADU451716 | C54: Антенна панельная | D54: НЕ ИМПОРТИРОВАТЬ! | E54: НЕ ИМПОРТИРОВАТЬ! | F54: НЕ ИМПОРТИРОВАТЬ! | G54: НЕ ИМПОРТИРОВАТЬ! | H54: 21.2 | I54: 1496 x 298 x 150 | J54: НЕ ИМПОРТИРОВАТЬ! | K54: 4 | L54: 0.446 | M54: (790-960/1710-2690) | O54: {=_xlfn._xlws.FILTER(Таблица4[Наименование],ISNUMBER(SEARCH('Спецификация для запроса ТУ'!C312,Таблица4[Наименование])),"")}
A55: НЕ ИМПОРТИРОВАТЬ! | B55: Huawei ADU4518R6v06 | C55: Антенна панельная | D55: НЕ ИМПОРТИРОВАТЬ! | E55: НЕ ИМПОРТИРОВАТЬ! | F55: НЕ ИМПОРТИРОВАТЬ! | G55: НЕ ИМПОРТИРОВАТЬ! | H55: 16 | I55: 1365 x 269 x 86 | J55: НЕ ИМПОРТИРОВАТЬ! | K55: 4 | L55: 0.367 | M55: (1710-2690/1710-2690) | O55: {=_xlfn._xlws.FILTER(Таблица4[Наименование],ISNUMBER(SEARCH('Спецификация для запроса ТУ'!C312,Таблица4[Наименование])),"")}
A56: НЕ ИМПОРТИРОВАТЬ! | B56: Huawei ADU4518R6v07 | C56: Антенна панельная | D56: НЕ ИМПОРТИРОВАТЬ! | E56: НЕ ИМПОРТИРОВАТЬ! | F56: НЕ ИМПОРТИРОВАТЬ! | G56: НЕ ИМПОРТИРОВАТЬ! | H56: 18.1 | I56: 1365 x 269 x 86 | J56: НЕ ИМПОРТИРОВАТЬ! | K56: 4 | L56: 0.367 | M56: (1710-2690/1710-2690) | O56: {=_xlfn._xlws.FILTER(Таблица4[Наименование],ISNUMBER(SEARCH('Спецификация для запроса ТУ'!C312,Таблица4[Наименование])),"")}
A57: НЕ ИМПОРТИРОВАТЬ! | B57: Huawei AOC4518R13v06 | C57: Антенна панельная | D57: НЕ ИМПОРТИРОВАТЬ! | E57: НЕ ИМПОРТИРОВАТЬ! | F57: НЕ ИМПОРТИРОВАТЬ! | G57: НЕ ИМПОРТИРОВАТЬ! | H57: 44.6 | I57: 1499 x 469 x 206 | J57: НЕ ИМПОРТИРОВАТЬ! | K57: 16 | L57: 0.703 | M57: (690-960/690-960/1695-2690/1695-2690/1695-2200/1695-2200/2490-2690/2490-2690) | O57: {=_xlfn._xlws.FILTER(Таблица4[Наименование],ISNUMBER(SEARCH('Спецификация для запроса ТУ'!C312,Таблица4[Наименование])),"")}
A58: НЕ ИМПОРТИРОВАТЬ! | B58: Huawei AOC4518R8v06 | C58: Антенна панельная | D58: НЕ ИМПОРТИРОВАТЬ! | E58: НЕ ИМПОРТИРОВАТЬ! | F58: НЕ ИМПОРТИРОВАТЬ! | G58: НЕ ИМПОРТИРОВАТЬ! | H58: 52.4 | I58: 2099 x 449 x 196 | J58: НЕ ИМПОРТИРОВАТЬ! | K58: 16 | L58: 0.942 | M58: (690-960/690-960/1427-2690/1695-2200/1695-200/2490-2690/2490-2690/2300-3800) (вес не точный; 14+2(4-5pin)) | O58: {=_xlfn._xlws.FILTER(Таблица4[Наименование],ISNUMBER(SEARCH('Спецификация для запроса ТУ'!C312,Таблица4[Наименование])),"")}
A59: НЕ ИМПОРТИРОВАТЬ! | B59: Huawei APE4517R0v06 | C59: Антенна панельная | D59: НЕ ИМПОРТИРОВАТЬ! | E59: НЕ ИМПОРТИРОВАТЬ! | F59: НЕ ИМПОРТИРОВАТЬ! | G59: НЕ ИМПОРТИРОВАТЬ! | H59: 37.7 | I59: 2528 x 349 x 166 | J59: НЕ ИМПОРТИРОВАТЬ! | K59: 10 | L59: 0.882 | M59: (690-960/1695-2690/1695-2690/1695-2690/1695-2690) | O59: {=_xlfn._xlws.FILTER(Таблица4[Наименование],ISNUMBER(SEARCH('Спецификация для запроса ТУ'!C312,Таблица4[Наименование])),"")}
A60: НЕ ИМПОРТИРОВАТЬ! | B60: Huawei APE4518R19v06 | C60: Антенна панельная | D60: НЕ ИМПОРТИРОВАТЬ! | E60: НЕ ИМПОРТИРОВАТЬ! | F60: НЕ ИМПОРТИРОВАТЬ! | G60: НЕ ИМПОРТИРОВАТЬ! | H60: 26.5 | I60: 1999 x 349 x 166 | J60: НЕ ИМПОРТИРОВАТЬ! | K60: 10 | L60: 0.698 | M60: (690-960/1695-2200/1695-2200/2490-2690/2490-2690) | O60: {=_xlfn._xlws.FILTER(Таблица4[Наименование],ISNUMBER(SEARCH('Спецификация для запроса ТУ'!C312,Таблица4[Наименование])),"")}
A61: НЕ ИМПОРТИРОВАТЬ! | B61: Huawei APE4518R37v06 | C61: Антенна панельная | D61: НЕ ИМПОРТИРОВАТЬ! | E61: НЕ ИМПОРТИРОВАТЬ! | F61: НЕ ИМПОРТИРОВАТЬ! | G61: НЕ ИМПОРТИРОВАТЬ! | H61: 32.6 | I61: 1499 x 369 x 149 | J61: НЕ ИМПОРТИРОВАТЬ! | K61: 10 | L61: 0.553 | M61: (690-960/1427-2690/1695-2200/2490-2690/1695-2690) | O61: {=_xlfn._xlws.FILTER(Таблица4[Наименование],ISNUMBER(SEARCH('Спецификация для запроса ТУ'!C312,Таблица4[Наименование])),"")}
A62: НЕ ИМПОРТИРОВАТЬ! | B62: Huawei APE4518R38v06 | C62: Антенна панельная | D62: НЕ ИМПОРТИРОВАТЬ! | E62: НЕ ИМПОРТИРОВАТЬ! | F62: НЕ ИМПОРТИРОВАТЬ! | G62: НЕ ИМПОРТИРОВАТЬ! | H62: 32.5 | I62: 1999 x 369 x 149 | J62: НЕ ИМПОРТИРОВАТЬ! | K62: 10 | L62: 0.738 | M62: (690-960/1427-2690/1695-2690/1695-2200/2490-2690) | O62: {=_xlfn._xlws.FILTER(Таблица4[Наименование],ISNUMBER(SEARCH('Спецификация для запроса ТУ'!C312,Таблица4[Наименование])),"")}
A63: НЕ ИМПОРТИРОВАТЬ! | B63: Huawei AQU4518R0v06 | C63: Антенна панельная | D63: НЕ ИМПОРТИРОВАТЬ! | E63: НЕ ИМПОРТИРОВАТЬ! | F63: НЕ ИМПОРТИРОВАТЬ! | G63: НЕ ИМПОРТИРОВАТЬ! | H63: 45.4 | I63: 1999 x 349 x 166 | J63: НЕ ИМПОРТИРОВАТЬ! | K63: 8 | L63: 0.698 | M63: (790-960/1710-2690/1710-2170/2490-2690) | O63: {=_xlfn._xlws.FILTER(Таблица4[Наименование],ISNUMBER(SEARCH('Спецификация для запроса ТУ'!C312,Таблица4[Наименование])),"")}
A64: НЕ ИМПОРТИРОВАТЬ! | B64: Huawei AQU4518R11v07 | C64: Антенна панельная | D64: НЕ ИМПОРТИРОВАТЬ! | E64: НЕ ИМПОРТИРОВАТЬ! | F64: НЕ ИМПОРТИРОВАТЬ! | G64: НЕ ИМПОРТИРОВАТЬ! | H64: 35.7 | I64: 1999 x 369 x 149 | J64: НЕ ИМПОРТИРОВАТЬ! | K64: 8 | L64: 0.738 | M64: (690-960/1695-2690/1695-2690/1695-2690) | O64: {=_xlfn._xlws.FILTER(Таблица4[Наименование],ISNUMBER(SEARCH('Спецификация для запроса ТУ'!C312,Таблица4[Наименование])),"")}
A65: НЕ ИМПОРТИРОВАТЬ! | B65: Huawei AQU4518R11v08 | C65: Антенна панельная | D65: НЕ ИМПОРТИРОВАТЬ! | E65: НЕ ИМПОРТИРОВАТЬ! | F65: НЕ ИМПОРТИРОВАТЬ! | G65: НЕ ИМПОРТИРОВАТЬ! | H65: 33.3 | I65: 1999 x 369 x 149 | J65: НЕ ИМПОРТИРОВАТЬ! | K65: 8 | L65: 0.738 | M65: (690-960/1695-2690/1695-2690/1695-2690) | O65: {=_xlfn._xlws.FILTER(Таблица4[Наименование],ISNUMBER(SEARCH('Спецификация для запроса ТУ'!C312,Таблица4[Наименование])),"")}
A66: НЕ ИМПОРТИРОВАТЬ! | B66: Huawei AQU4518R23v18 | C66: Антенна панельная | D66: НЕ ИМПОРТИРОВАТЬ! | E66: НЕ ИМПОРТИРОВАТЬ! | F66: НЕ ИМПОРТИРОВАТЬ! | G66: НЕ ИМПОРТИРОВАТЬ! | H66: 32.3 | I66: 1499 x 429 x 196 | J66: НЕ ИМПОРТИРОВАТЬ! | K66: 8 | L66: 0.643 | M66: (690-960/690-960/1695-2690/1695-2690) | O66: {=_xlfn._xlws.FILTER(Таблица4[Наименование],ISNUMBER(SEARCH('Спецификация для запроса ТУ'!C312,Таблица4[Наименование])),"")}
A67: НЕ ИМПОРТИРОВАТЬ! | B67: Huawei AQU4518R8v07 | C67: Антенна панельная | D67: НЕ ИМПОРТИРОВАТЬ! | E67: НЕ ИМПОРТИРОВАТЬ! | F67: НЕ ИМПОРТИРОВАТЬ! | G67: НЕ ИМПОРТИРОВАТЬ! | H67: 23.5 | I67: 1490 x 299 x 109 | J67: НЕ ИМПОРТИРОВАТЬ! | K67: 8 | L67: 0.446 | M67: (1710-2170/1710-2170/2490-2690/2490-2690) | O67: {=_xlfn._xlws.FILTER(Таблица4[Наименование],ISNUMBER(SEARCH('Спецификация для запроса ТУ'!C312,Таблица4[Наименование])),"")}
A68: НЕ ИМПОРТИРОВАТЬ! | B68: Huawei ASI4518R14v06 | C68: Антенна панельная | D68: НЕ ИМПОРТИРОВАТЬ! | E68: НЕ ИМПОРТИРОВАТЬ! | F68: НЕ ИМПОРТИРОВАТЬ! | G68: НЕ ИМПОРТИРОВАТЬ! | H68: 31.3 | I68: 1499 x 429 x 196 | J68: НЕ ИМПОРТИРОВАТЬ! | K68: 12 | L68: 0.643 | M68: (690-960/690-960/1695-2200/1695-2200/2490-2690/2490-2690) | O68: {=_xlfn._xlws.FILTER(Таблица4[Наименование],ISNUMBER(SEARCH('Спецификация для запроса ТУ'!C312,Таблица4[Наименование])),"")}
A69: НЕ ИМПОРТИРОВАТЬ! | B69: Huawei ASI4518R48v06 (1) | C69: Антенна панельная | D69: НЕ ИМПОРТИРОВАТЬ! | E69: НЕ ИМПОРТИРОВАТЬ! | F69: НЕ ИМПОРТИРОВАТЬ! | G69: НЕ ИМПОРТИРОВАТЬ! | H69: 44.5 | I69: 2199 x 369 x 149 | J69: НЕ ИМПОРТИРОВАТЬ! | K69: 12 | L69: 0.811 | M69: (690-960/1695-1880/1920-2690/1695-2690/1695-2690/1695-2690) | O69: {=_xlfn._xlws.FILTER(Таблица4[Наименование],ISNUMBER(SEARCH('Спецификация для запроса ТУ'!C312,Таблица4[Наименование])),"")}
A70: НЕ ИМПОРТИРОВАТЬ! | B70: Huawei ASI4518R48v06 (3) | C70: Антенна панельная | D70: НЕ ИМПОРТИРОВАТЬ! | E70: НЕ ИМПОРТИРОВАТЬ! | F70: НЕ ИМПОРТИРОВАТЬ! | G70: НЕ ИМПОРТИРОВАТЬ! | H70: 36 | I70: 2099 x 349 x 166 | J70: НЕ ИМПОРТИРОВАТЬ! | K70: 12 | L70: 0.733 | M70: (690-960/1695-1880/2300-2690/1695-2690/1695-2690/1695-2690) | O70: {=_xlfn._xlws.FILTER(Таблица4[Наименование],ISNUMBER(SEARCH('Спецификация для запроса ТУ'!C312,Таблица4[Наименование])),"")}
A71: НЕ ИМПОРТИРОВАТЬ! | B71: Huawei ASI4518R48v06 (Te2) | C71: Антенна панельная | D71: НЕ ИМПОРТИРОВАТЬ! | E71: НЕ ИМПОРТИРОВАТЬ! | F71: НЕ ИМПОРТИРОВАТЬ! | G71: НЕ ИМПОРТИРОВАТЬ! | H71: 39.5 | I71: 2099 x 395 x 196 | J71: НЕ ИМПОРТИРОВАТЬ! | K71: 12 | L71: 0.829 | M71: (690-960/1695-2690/1695-2690/1695-2180/2490-2690/1695-2690) | O71: {=_xlfn._xlws.FILTER(Таблица4[Наименование],ISNUMBER(SEARCH('Спецификация для запроса ТУ'!C312,Таблица4[Наименование])),"")}
A72: НЕ ИМПОРТИРОВАТЬ! | B72: Huawei ATR4516R0 | C72: Антенна панельная | D72: НЕ ИМПОРТИРОВАТЬ! | E72: НЕ ИМПОРТИРОВАТЬ! | F72: НЕ ИМПОРТИРОВАТЬ! | G72: НЕ ИМПОРТИРОВАТЬ! | H72: 25.8 | I72: 2098 x 259 x 135 | J72: НЕ ИМПОРТИРОВАТЬ! | K72: 6 | L72: 0.543 | M72: (790-960/1710-2180/1710-2180) | O72: {=_xlfn._xlws.FILTER(Таблица4[Наименование],ISNUMBER(SEARCH('Спецификация для запроса ТУ'!C312,Таблица4[Наименование])),"")}
A73: НЕ ИМПОРТИРОВАТЬ! | B73: Huawei ATR451709 | C73: Антенна панельная | D73: НЕ ИМПОРТИРОВАТЬ! | E73: НЕ ИМПОРТИРОВАТЬ! | F73: НЕ ИМПОРТИРОВАТЬ! | G73: НЕ ИМПОРТИРОВАТЬ! | H73: 22.6 | I73: 1472 x 349 x 166 | J73: НЕ ИМПОРТИРОВАТЬ! | K73: 6 | L73: 0.514 | M73: (790-960/1710-2690/1710-2690) | O73: {=_xlfn._xlws.FILTER(Таблица4[Наименование],ISNUMBER(SEARCH('Спецификация для запроса ТУ'!C312,Таблица4[Наименование])),"")}
A74: НЕ ИМПОРТИРОВАТЬ! | B74: Huawei ATR4517R1 | C74: Антенна панельная | D74: НЕ ИМПОРТИРОВАТЬ! | E74: НЕ ИМПОРТИРОВАТЬ! | F74: НЕ ИМПОРТИРОВАТЬ! | G74: НЕ ИМПОРТИРОВАТЬ! | H74: 25.8 | I74: 1499 x 349 x 166 | J74: НЕ ИМПОРТИРОВАТЬ! | K74: 6 | L74: 0.523 | M74: (790-960/1710-2690/1710-2690) | O74: {=_xlfn._xlws.FILTER(Таблица4[Наименование],ISNUMBER(SEARCH('Спецификация для запроса ТУ'!C312,Таблица4[Наименование])),"")}
A75: НЕ ИМПОРТИРОВАТЬ! | B75: Huawei ATR4517R1v07 | C75: Антенна панельная | D75: НЕ ИМПОРТИРОВАТЬ! | E75: НЕ ИМПОРТИРОВАТЬ! | F75: НЕ ИМПОРТИРОВАТЬ! | G75: НЕ ИМПОРТИРОВАТЬ! | H75: 25.4 | I75: 1499 x 349 x 166 | J75: НЕ ИМПОРТИРОВАТЬ! | K75: 6 | L75: 0.523 | M75: (790-960/1695-2690/1695-2690) | O75: {=_xlfn._xlws.FILTER(Таблица4[Наименование],ISNUMBER(SEARCH('Спецификация для запроса ТУ'!C312,Таблица4[Наименование])),"")}
A76: НЕ ИМПОРТИРОВАТЬ! | B76: Huawei ATR4518R13v06 | C76: Антенна панельная | D76: НЕ ИМПОРТИРОВАТЬ! | E76: НЕ ИМПОРТИРОВАТЬ! | F76: НЕ ИМПОРТИРОВАТЬ! | G76: НЕ ИМПОРТИРОВАТЬ! | H76: 19.7 | I76: 1499 x 349 x 166 | J76: НЕ ИМПОРТИРОВАТЬ! | K76: 6 | L76: 0.523 | M76: (690-960/1695-2690/1695-2690) | O76: {=_xlfn._xlws.FILTER(Таблица4[Наименование],ISNUMBER(SEARCH('Спецификация для запроса ТУ'!C312,Таблица4[Наименование])),"")}
A77: НЕ ИМПОРТИРОВАТЬ! | B77: Huawei ATR4518R14v06 | C77: Антенна панельная | D77: НЕ ИМПОРТИРОВАТЬ! | E77: НЕ ИМПОРТИРОВАТЬ! | F77: НЕ ИМПОРТИРОВАТЬ! | G77: НЕ ИМПОРТИРОВАТЬ! | H77: 22.4 | I77: 1365 x 376 x 99 | J77: НЕ ИМПОРТИРОВАТЬ! | K77: 6 | L77: 0.513 | M77: (1710-2690/1710-2690/1710-2690) | O77: {=_xlfn._xlws.FILTER(Таблица4[Наименование],ISNUMBER(SEARCH('Спецификация для запроса ТУ'!C312,Таблица4[Наименование])),"")}
A78: НЕ ИМПОРТИРОВАТЬ! | B78: Huawei ATR4518R2 | C78: Антенна панельная | D78: НЕ ИМПОРТИРОВАТЬ! | E78: НЕ ИМПОРТИРОВАТЬ! | F78: НЕ ИМПОРТИРОВАТЬ! | G78: НЕ ИМПОРТИРОВАТЬ! | H78: 31.5 | I78: 2020 x 298 x 150 | J78: НЕ ИМПОРТИРОВАТЬ! | K78: 6 | L78: 0.602 | M78: (790-960/1710-2690/1710-2690) | O78: {=_xlfn._xlws.FILTER(Таблица4[Наименование],ISNUMBER(SEARCH('Спецификация для запроса ТУ'!C312,Таблица4[Наименование])),"")}
A79: НЕ ИМПОРТИРОВАТЬ! | B79: Huawei ATR4518R4v06 | C79: Антенна панельная | D79: НЕ ИМПОРТИРОВАТЬ! | E79: НЕ ИМПОРТИРОВАТЬ! | F79: НЕ ИМПОРТИРОВАТЬ! | G79: НЕ ИМПОРТИРОВАТЬ! | H79: 30.2 | I79: 1999 x 349 x 166 | J79: НЕ ИМПОРТИРОВАТЬ! | K79: 6 | L79: 0.698 | M79: (790-960/1710-2690/1710-2690) | O79: {=_xlfn._xlws.FILTER(Таблица4[Наименование],ISNUMBER(SEARCH('Спецификация для запроса ТУ'!C312,Таблица4[Наименование])),"")}
A80: НЕ ИМПОРТИРОВАТЬ! | B80: Huawei ATR4518R6v06 | C80: Антенна панельная | D80: НЕ ИМПОРТИРОВАТЬ! | E80: НЕ ИМПОРТИРОВАТЬ! | F80: НЕ ИМПОРТИРОВАТЬ! | G80: НЕ ИМПОРТИРОВАТЬ! | H80: 29.1 | I80: 1999 x 349 x 166 | J80: НЕ ИМПОРТИРОВАТЬ! | K80: 6 | L80: 0.698 | M80: (690-960/1695-2690/1695-2690) вес не точный | O80: {=_xlfn._xlws.FILTER(Таблица4[Наименование],ISNUMBER(SEARCH('Спецификация для запроса ТУ'!C312,Таблица4[Наименование])),"")}
A81: НЕ ИМПОРТИРОВАТЬ! | B81: Huawei HADAD-0927-D-12 | C81: Антенна панельная | D81: НЕ ИМПОРТИРОВАТЬ! | E81: НЕ ИМПОРТИРОВАТЬ! | F81: НЕ ИМПОРТИРОВАТЬ! | G81: НЕ ИМПОРТИРОВАТЬ! | H81: 12.8 | I81: 650 x 370 x 124 | J81: НЕ ИМПОРТИРОВАТЬ! | K81: 2 | L81: 0.241 | M81: (880-960??1710-2700) диапазоны и вес не точные | O81: {=_xlfn._xlws.FILTER(Таблица4[Наименование],ISNUMBER(SEARCH('Спецификация для запроса ТУ'!C312,Таблица4[Наименование])),"")}
A82: НЕ ИМПОРТИРОВАТЬ! | B82: MikroTik Cube 60G ac CubeG-5ac60ad | C82: Антенна панельная | D82: НЕ ИМПОРТИРОВАТЬ! | E82: НЕ ИМПОРТИРОВАТЬ! | F82: НЕ ИМПОРТИРОВАТЬ! | G82: НЕ ИМПОРТИРОВАТЬ! | H82: 2 | I82: 132 x 130 x 130 | J82: НЕ ИМПОРТИРОВАТЬ! | L82: 0.017 | M82: Вес примерно | O82: {=_xlfn._xlws.FILTER(Таблица4[Наименование],ISNUMBER(SEARCH('Спецификация для запроса ТУ'!C312,Таблица4[Наименование])),"")}
A83: НЕ ИМПОРТИРОВАТЬ! | B83: MikroTik RouterOS RBwAPG-60ad | C83: Антенна панельная | D83: НЕ ИМПОРТИРОВАТЬ! | E83: НЕ ИМПОРТИРОВАТЬ! | F83: НЕ ИМПОРТИРОВАТЬ! | G83: НЕ ИМПОРТИРОВАТЬ! | H83: 1 | I83: 185 x 85 x 30 | J83: НЕ ИМПОРТИРОВАТЬ! | L83: 0.016 | O83: {=_xlfn._xlws.FILTER(Таблица4[Наименование],ISNUMBER(SEARCH('Спецификация для запроса ТУ'!C312,Таблица4[Наименование])),"")}
A84: НЕ ИМПОРТИРОВАТЬ! | B84: Mobi MB3F/2600-65-17-17.5DDE-DF-IN | C84: Антенна панельная | D84: НЕ ИМПОРТИРОВАТЬ! | E84: НЕ ИМПОРТИРОВАТЬ! | F84: НЕ ИМПОРТИРОВАТЬ! | G84: НЕ ИМПОРТИРОВАТЬ! | H84: 22.5 | I84: 1446 x 320 x 156 | J84: НЕ ИМПОРТИРОВАТЬ! | K84: 8 | L84: 0.463 | M84: (1710-2170/1710-2170/2490-2690/2490-2690) | O84: {=_xlfn._xlws.FILTER(Таблица4[Наименование],ISNUMBER(SEARCH('Спецификация для запроса ТУ'!C312,Таблица4[Наименование])),"")}
A85: НЕ ИМПОРТИРОВАТЬ! | B85: Mobi MB3F2600-65-1717.5DDE-DFM-IN | C85: Антенна панельная | D85: НЕ ИМПОРТИРОВАТЬ! | E85: НЕ ИМПОРТИРОВАТЬ! | F85: НЕ ИМПОРТИРОВАТЬ! | G85: НЕ ИМПОРТИРОВАТЬ! | H85: 20.1 | I85: 1385 x 316 x 130 | J85: НЕ ИМПОРТИРОВАТЬ! | K85: 8 | L85: 0.438 | M85: (1710-2170/1710-2170/2490-2690/2490-2690) | O85: {=_xlfn._xlws.FILTER(Таблица4[Наименование],ISNUMBER(SEARCH('Спецификация для запроса ТУ'!C312,Таблица4[Наименование])),"")}
A86: НЕ ИМПОРТИРОВАТЬ! | B86: Mobi MB450-65-15.5DT3-TL | C86: Антенна панельная | D86: НЕ ИМПОРТИРОВАТЬ! | E86: НЕ ИМПОРТИРОВАТЬ! | F86: НЕ ИМПОРТИРОВАТЬ! | G86: НЕ ИМПОРТИРОВАТЬ! | H86: 25 | I86: 2262 x 480 x 115 | J86: НЕ ИМПОРТИРОВАТЬ! | K86: 2 | L86: 1.086 | M86: (450-470) | O86: {=_xlfn._xlws.FILTER(Таблица4[Наименование],ISNUMBER(SEARCH('Спецификация для запроса ТУ'!C312,Таблица4[Наименование])),"")}
A87: НЕ ИМПОРТИРОВАТЬ! | B87: Mobi MB4B/MF/3F/2600-65-16/18/17.5/18DE-DF-IN-43 | C87: Антенна панельная | D87: НЕ ИМПОРТИРОВАТЬ! | E87: НЕ ИМПОРТИРОВАТЬ! | F87: НЕ ИМПОРТИРОВАТЬ! | G87: НЕ ИМПОРТИРОВАТЬ! | H87: 33.4 | I87: 1996 x 350 x 200 | J87: НЕ ИМПОРТИРОВАТЬ! | K87: 8 | L87: 0.699 | M87: (690-960/1710-2690/1710-2170/2300-2690) | O87: {=_xlfn._xlws.FILTER(Таблица4[Наименование],ISNUMBER(SEARCH('Спецификация для запроса ТУ'!C312,Таблица4[Наименование])),"")}
A88: НЕ ИМПОРТИРОВАТЬ! | B88: Mobi MBMF-65-18DDE-IN | C88: Антенна панельная | D88: НЕ ИМПОРТИРОВАТЬ! | E88: НЕ ИМПОРТИРОВАТЬ! | F88: НЕ ИМПОРТИРОВАТЬ! | G88: НЕ ИМПОРТИРОВАТЬ! | H88: 23.6 | I88: 1400 x 320 x 110 | J88: НЕ ИМПОРТИРОВАТЬ! | K88: 4 | L88: 0.448 | M88: (1710-2690/1710-2690) | O88: {=_xlfn._xlws.FILTER(Таблица4[Наименование],ISNUMBER(SEARCH('Спецификация для запроса ТУ'!C312,Таблица4[Наименование])),"")}
A89: НЕ ИМПОРТИРОВАТЬ! | B89: Mobi MBMF-65-18DDEM-IN | C89: Антенна панельная | D89: НЕ ИМПОРТИРОВАТЬ! | E89: НЕ ИМПОРТИРОВАТЬ! | F89: НЕ ИМПОРТИРОВАТЬ! | G89: НЕ ИМПОРТИРОВАТЬ! | H89: 16.6 | I89: 1390 x 275 x 85 | J89: НЕ ИМПОРТИРОВАТЬ! | K89: 4 | L89: 0.382 | M89: (1710-2690/1710-2690) | O89: {=_xlfn._xlws.FILTER(Таблица4[Наименование],ISNUMBER(SEARCH('Спецификация для запроса ТУ'!C312,Таблица4[Наименование])),"")}
A90: НЕ ИМПОРТИРОВАТЬ! | B90: Mobi MBMF-65-18TDE-IN-43 | C90: Антенна панельная | D90: НЕ ИМПОРТИРОВАТЬ! | E90: НЕ ИМПОРТИРОВАТЬ! | F90: НЕ ИМПОРТИРОВАТЬ! | G90: НЕ ИМПОРТИРОВАТЬ! | H90: 28.6 | I90: 1400 x 449 x 115 | J90: НЕ ИМПОРТИРОВАТЬ! | K90: 6 | L90: 0.629 | M90: (1710-2690/1710-2690/1710-2690) | O90: {=_xlfn._xlws.FILTER(Таблица4[Наименование],ISNUMBER(SEARCH('Спецификация для запроса ТУ'!C312,Таблица4[Наименование])),"")}
A91: НЕ ИМПОРТИРОВАТЬ! | B91: Mobi MBMF-65-19TDEM-2IN-43 | C91: Антенна панельная | D91: НЕ ИМПОРТИРОВАТЬ! | E91: НЕ ИМПОРТИРОВАТЬ! | F91: НЕ ИМПОРТИРОВАТЬ! | G91: НЕ ИМПОРТИРОВАТЬ! | H91: 21.6 | I91: 1395 x 379 x 144 | J91: НЕ ИМПОРТИРОВАТЬ! | K91: 6 | L91: 0.529 | M91: (1710-2690/1710-2690/1710-2690) | O91: {=_xlfn._xlws.FILTER(Таблица4[Наименование],ISNUMBER(SEARCH('Спецификация для запроса ТУ'!C312,Таблица4[Наименование])),"")}
A92: НЕ ИМПОРТИРОВАТЬ! | B92: Mobi MBMF-65-19TDEM-IN | C92: Антенна панельная | D92: НЕ ИМПОРТИРОВАТЬ! | E92: НЕ ИМПОРТИРОВАТЬ! | F92: НЕ ИМПОРТИРОВАТЬ! | G92: НЕ ИМПОРТИРОВАТЬ! | H92: 27.3 | I92: 1395 x 420 x 120 | J92: НЕ ИМПОРТИРОВАТЬ! | K92: 6 | L92: 0.586 | M92: (1710-2690/1710-2690/1710-2690) | O92: {=_xlfn._xlws.FILTER(Таблица4[Наименование],ISNUMBER(SEARCH('Спецификация для запроса ТУ'!C312,Таблица4[Наименование])),"")}
A93: НЕ ИМПОРТИРОВАТЬ! | B93: Mobi MBMF-DB-20DDE-IN-43 | C93: Антенна панельная | D93: НЕ ИМПОРТИРОВАТЬ! | E93: НЕ ИМПОРТИРОВАТЬ! | F93: НЕ ИМПОРТИРОВАТЬ! | G93: НЕ ИМПОРТИРОВАТЬ! | H93: 40.3 | I93: 1600 x 650 x 156 | J93: НЕ ИМПОРТИРОВАТЬ! | K93: 8 | L93: 1.04 | M93: (1710-2690/1710-2690/1710-2690/1710-2690) | O93: {=_xlfn._xlws.FILTER(Таблица4[Наименование],ISNUMBER(SEARCH('Спецификация для запроса ТУ'!C312,Таблица4[Наименование])),"")}
A94: НЕ ИМПОРТИРОВАТЬ! | B94: Mobi PX8IS-60408S1 | C94: Антенна панельная | D94: НЕ ИМПОРТИРОВАТЬ! | E94: НЕ ИМПОРТИРОВАТЬ! | F94: НЕ ИМПОРТИРОВАТЬ! | G94: НЕ ИМПОРТИРОВАТЬ! | H94: 26.6 | I94: 1396 x 449 x 159 | J94: НЕ ИМПОРТИРОВАТЬ! | K94: 8 | L94: 0.627 | M94: (1710-2690/1710-2690/1710-2690/1710-2690) | O94: {=_xlfn._xlws.FILTER(Таблица4[Наименование],ISNUMBER(SEARCH('Спецификация для запроса ТУ'!C312,Таблица4[Наименование])),"")}
A95: НЕ ИМПОРТИРОВАТЬ! | B95: Mobi PX8IS-60408S3 | C95: Антенна панельная | D95: НЕ ИМПОРТИРОВАТЬ! | E95: НЕ ИМПОРТИРОВАТЬ! | F95: НЕ ИМПОРТИРОВАТЬ! | G95: НЕ ИМПОРТИРОВАТЬ! | H95: 26.6 | I95: 1396 x 449 x 159 | J95: НЕ ИМПОРТИРОВАТЬ! | K95: 8 | L95: 0.627 | M95: (1710-2690/1710-2690/1710-2690/1710-2690) | O95: {=_xlfn._xlws.FILTER(Таблица4[Наименование],ISNUMBER(SEARCH('Спецификация для запроса ТУ'!C312,Таблица4[Наименование])),"")}
A96: НЕ ИМПОРТИРОВАТЬ! | B96: ModTC D3-XI65-L152W18 | C96: Антенна панельная | D96: НЕ ИМПОРТИРОВАТЬ! | E96: НЕ ИМПОРТИРОВАТЬ! | F96: НЕ ИМПОРТИРОВАТЬ! | G96: НЕ ИМПОРТИРОВАТЬ! | H96: 23.5 | I96: 1495 x 350 x 200 | J96: НЕ ИМПОРТИРОВАТЬ! | K96: 6 | L96: 0.523 | M96: (694-960/1695-2690/1695-2690) | O96: {=_xlfn._xlws.FILTER(Таблица4[Наименование],ISNUMBER(SEARCH('Спецификация для запроса ТУ'!C312,Таблица4[Наименование])),"")}
A97: НЕ ИМПОРТИРОВАТЬ! | B97: ModTC D4-XI65-2L152W18 | C97: Антенна панельная | D97: НЕ ИМПОРТИРОВАТЬ! | E97: НЕ ИМПОРТИРОВАТЬ! | F97: НЕ ИМПОРТИРОВАТЬ! | G97: НЕ ИМПОРТИРОВАТЬ! | H97: 22.5 | I97: 1495 x 446 x 165 | J97: НЕ ИМПОРТИРОВАТЬ! | K97: 8 | L97: 0.667 | M97: (694-960/694-960/1695-2200/1695-2690) | O97: {=_xlfn._xlws.FILTER(Таблица4[Наименование],ISNUMBER(SEARCH('Спецификация для запроса ТУ'!C312,Таблица4[Наименование])),"")}
A98: НЕ ИМПОРТИРОВАТЬ! | B98: ModTC D5-XI65-L154W18 | C98: Антенна панельная | D98: НЕ ИМПОРТИРОВАТЬ! | E98: НЕ ИМПОРТИРОВАТЬ! | F98: НЕ ИМПОРТИРОВАТЬ! | G98: НЕ ИМПОРТИРОВАТЬ! | H98: 29.8 | I98: 1495 x 480 x 175 | J98: НЕ ИМПОРТИРОВАТЬ! | K98: 10 | L98: 0.718 | M98: (694-960/1695-2690/1695-2690/1695-2690/1695-2690) | O98: {=_xlfn._xlws.FILTER(Таблица4[Наименование],ISNUMBER(SEARCH('Спецификация для запроса ТУ'!C312,Таблица4[Наименование])),"")}
A99: НЕ ИМПОРТИРОВАТЬ! | B99: ModTC D6-XI65-L16U18V183W18 | C99: Антенна панельная | D99: НЕ ИМПОРТИРОВАТЬ! | E99: НЕ ИМПОРТИРОВАТЬ! | F99: НЕ ИМПОРТИРОВАТЬ! | G99: НЕ ИМПОРТИРОВАТЬ! | H99: 40.3 | I99: 1995 x 396 x 190 | J99: НЕ ИМПОРТИРОВАТЬ! | K99: 12 | L99: 0.79 | M99: (694-960/1710-2170/2490-2690/1710-2690/1710-2690/1710-2690) | O99: {=_xlfn._xlws.FILTER(Таблица4[Наименование],ISNUMBER(SEARCH('Спецификация для запроса ТУ'!C312,Таблица4[Наименование])),"")}
A100: НЕ ИМПОРТИРОВАТЬ! | B100: Noname G0826-16R318H17D18T-65X | C100: Антенна панельная | D100: НЕ ИМПОРТИРОВАТЬ! | E100: НЕ ИМПОРТИРОВАТЬ! | F100: НЕ ИМПОРТИРОВАТЬ! | G100: НЕ ИМПОРТИРОВАТЬ! | H100: 29.6 | I100: 1995 x 396 x 190 | J100: НЕ ИМПОРТИРОВАТЬ! | K100: 12 | L100: 0.79 | M100: (694-960/1710-2690/1710-2690/1710-2690/1710-2170/2490-2690) - описание без производителя - есть фото бирки на 771675 | O100: {=_xlfn._xlws.FILTER(Таблица4[Наименование],ISNUMBER(SEARCH('Спецификация для запроса ТУ'!C312,Таблица4[Наименование])),"")}
...

Sheet Справочник Статусов
A1: Субарендатор | B1: Статус размещения | C1: Способ установки / прокладки
A2: -?- | B2: -?- | C2: Не задано
A3: ПАО "ВымпелКом" | B3: Зарезервировано (запрошено) | C3: Одиночно
A4: ПАО "МТС" | B4: Зарезервировано (демонтаж в развитии) | C4: Совмещённо
A5: ПАО "МегаФон" | B5: Зарезервировано (перенос в развитии) | C5: Кассетно (Ericsson)
A6: ООО "Т2 Мобайл" | B6: Размещено | C6: Стэком (Nokia)
B7: Размещено (демонтаж в развитии) | C7: Комбинированно (Huawei)
B8: Размещено (перенос в развитии) | C8: Внутри ОДН
B9: Подлежит демонтажу | C9: Снаружи ОДН
B10: Демонтировано | C10: В коробе
B11: Перенесено
B12: В развитии (резерв)
B13: Кабели
B14: -
